2ndFlrSF,BedroomAbvGr,BsmtExposure,BsmtFinSF1,BsmtFinType1,BsmtUnfSF,GarageArea,GarageFinish,GrLivArea,KitchenQual,LotArea,LotFrontage,MasVnrArea,OpenPorchSF,OverallCond,OverallQual,TotalBsmtSF,YearBuilt
0.0,3.0,0.0,48,0.0,1774,774,0.0,1828,0,4.067963089501265,1.954242509439325,452.0,108,5,9,1822,2007
0.0,2.0,1.0,0,0.0,894,308,0.0,894,1,3.8195439355418688,1.7781512503836436,0.0,0,5,5,894,1962
0.0,2.0,1.0,713,1.0,163,432,0.0,964,1,4.125806458139527,1.9030899869919435,0.0,0,7,5,876,1921
0.0,3.0,1.0,1218,2.0,350,857,1.0,1689,0,4.122707254318348,1.8388490907372552,148.0,59,5,8,1568,2002
0.0,3.0,1.0,0,0.0,1541,843,1.0,1541,0,4.1368473499574545,2.0718820073061255,150.0,81,5,7,1541,2001
0.0,2.0,1.0,410,2.0,811,400,1.0,1221,0,3.8750612633917,1.792391689498254,0.0,113,5,7,1221,2004
0.0,3.0,1.0,643,3.0,445,440,0.0,1324,1,3.937417581477138,1.9242792860618816,101.0,138,5,6,1088,1965
720.0,3.0,1.0,604,1.0,92,484,0.0,1416,0,3.4102709642521845,1.380211241711606,0.0,44,5,7,696,1999
462.0,2.0,2.0,462,2.0,0,297,0.0,988,1,3.2030328870147105,1.3222192947339193,0.0,101,5,4,462,1973
349.0,3.0,1.0,375,1.0,360,440,0.0,1218,1,3.7781512503836434,1.7781512503836436,0.0,0,6,6,735,1941
896.0,3.0,1.0,0,0.0,746,397,2.0,1656,0,3.8407958988470936,1.7781512503836436,92.0,128,5,7,746,2003
0.0,2.0,0.0,20,1.0,1342,460,0.0,1362,0,3.8794972872494284,1.7853298350107671,256.0,28,5,6,1362,2005
788.0,4.0,1.0,0,0.0,756,442,0.0,1839,1,3.886490725172482,1.845098040014257,351.0,124,5,6,756,1966
0.0,2.0,1.0,0,0.0,1367,451,0.0,1375,1,4.053462604925455,1.8750612633917,0.0,30,5,6,1367,1954
0.0,2.0,1.0,144,2.0,172,528,0.0,1122,0,4.079181246047625,2.0,0.0,36,7,5,924,1948
0.0,2.0,2.0,680,1.0,289,588,0.0,1432,0,4.208360724978379,1.8388490907372552,0.0,180,7,5,1360,1978
728.0,3.0,0.0,0,0.0,728,400,2.0,1456,0,3.955110230970552,1.8129133566428555,0.0,24,5,7,728,2007
0.0,3.0,0.0,611,2.0,577,497,0.0,1217,0,3.9976921179417264,1.8388490907372552,0.0,27,5,7,1188,1990
0.0,2.0,1.0,0,0.0,0,625,0.0,1040,1,3.8573324964312685,1.7781512503836436,0.0,0,7,5,0,1950
612.0,2.0,0.0,294,2.0,318,528,1.0,1224,0,3.4771212547196626,1.4771212547196624,76.0,234,5,6,612,2009
752.0,2.0,1.0,0,0.0,952,468,0.0,1774,1,3.7867514221455614,1.7075701760979363,0.0,0,5,7,952,1931
406.0,4.0,1.0,241,3.0,229,384,0.0,1367,1,3.9245377177754897,1.6989700043360187,0.0,130,8,5,861,1900
557.0,2.0,1.0,0,0.0,803,297,0.0,1360,0,3.8573324964312685,1.7781512503836436,0.0,65,6,5,803,1938
0.0,1.0,0.0,697,2.0,151,420,1.0,848,0,3.6460114095912393,1.8388490907372552,147.0,0,5,6,848,2004
780.0,3.0,2.0,871,2.0,611,749,2.0,2262,0,4.087923320925297,1.9294189257142926,226.0,0,5,8,1482,2003
0.0,2.0,1.0,836,4.0,0,396,0.0,1220,1,3.9482662198802956,1.8260748027008264,0.0,0,5,4,836,1951
0.0,2.0,1.0,0,0.0,1375,398,2.0,1414,0,3.4874212113594742,1.8388490907372552,18.0,20,5,7,1375,2004
924.0,3.0,1.0,319,3.0,416,396,0.0,2058,1,3.9822712330395684,1.7781512503836436,0.0,0,5,6,735,1917
110.0,4.0,1.0,0,0.0,901,0,0.0,1198,1,3.747100931364986,1.7781512503836436,0.0,98,7,6,901,1920
0.0,2.0,1.0,1158,2.0,343,499,2.0,1659,2,3.7531232446817127,1.6020599913279623,0.0,59,5,8,1501,2000
0.0,2.0,1.0,0,0.0,1012,308,0.0,1012,1,3.917137752756444,1.7708520116421442,0.0,22,5,6,1012,1920
998.0,5.0,1.0,523,2.0,301,672,2.0,3082,1,4.2003853242323865,2.0086001717619175,0.0,63,3,7,824,1920
0.0,4.0,1.0,0,0.0,360,672,0.0,1812,0,3.8825245379548803,1.8808135922807914,0.0,0,9,5,360,1900
872.0,3.0,1.0,738,0.0,319,650,2.0,1929,0,3.848189116991399,1.8388490907372552,0.0,235,5,7,1057,2001
0.0,3.0,0.0,483,1.0,428,576,0.0,954,1,4.03261876085072,1.7403626894942439,0.0,0,5,5,911,1976
0.0,2.0,0.0,1260,2.0,578,765,0.0,1838,2,4.164382600963169,1.9294189257142926,584.0,68,5,9,1838,2006
0.0,3.0,1.0,728,5.0,568,924,0.0,1640,0,4.169615662222747,1.8388490907372552,72.0,0,7,6,1296,1954
0.0,3.0,1.0,1148,5.0,0,672,0.0,1148,1,3.8993279498776543,1.845098040014257,0.0,0,5,5,1148,1959
0.0,3.0,1.0,412,5.0,251,280,0.0,950,1,3.9893608137762473,1.7853298350107671,0.0,0,5,5,950,1971
846.0,3.0,1.0,380,0.0,397,471,1.0,1911,0,3.980185236947335,1.9030899869919435,125.0,81,5,8,777,1993
720.0,3.0,1.0,300,3.0,765,440,0.0,1635,1,3.9413623357117613,1.845098040014257,0.0,38,7,6,1065,1923
0.0,3.0,0.0,0,0.0,1316,440,2.0,1316,0,4.048247531803974,2.012837224705172,0.0,20,5,7,1316,2007
0.0,2.0,1.0,0,0.0,1442,615,1.0,1442,1,4.06881642992222,1.8388490907372552,571.0,0,6,6,1442,1970
0.0,3.0,1.0,734,2.0,344,500,2.0,1078,1,4.0981936258632885,1.8388490907372552,0.0,0,6,5,1078,1971
0.0,3.0,1.0,932,1.0,108,544,1.0,1120,3,3.8432327780980096,1.9294189257142926,0.0,0,5,4,1040,1961
640.0,3.0,1.0,353,2.0,55,527,2.0,1419,0,3.88930170250631,1.8388490907372552,0.0,0,5,8,408,2002
682.0,3.0,1.0,0,0.0,651,240,0.0,1389,1,3.5286596452349897,1.7781512503836436,0.0,0,8,7,651,1946
0.0,3.0,1.0,354,3.0,412,280,1.0,1063,1,3.9965116721541785,1.9030899869919435,110.0,0,5,5,1056,1954
0.0,2.0,2.0,1567,2.0,225,874,2.0,1792,2,4.073571728304925,1.8573324964312685,562.0,49,5,9,1792,2003
0.0,2.0,1.0,897,2.0,319,402,0.0,1216,1,3.6532125137753435,1.505149978319906,116.0,125,5,6,1216,1998
764.0,4.0,1.0,0,0.0,596,576,0.0,1762,0,3.8573324964312685,1.7781512503836436,0.0,0,7,7,596,1920
1112.0,4.0,0.0,0,0.0,847,434,2.0,1959,0,4.0717347638797605,1.7708520116421442,0.0,48,5,7,847,2004
0.0,3.0,1.0,767,1.0,441,546,1.0,1208,1,4.051152522447381,1.8388490907372552,0.0,42,6,6,1208,1977
650.0,3.0,1.0,460,5.0,414,315,0.0,1524,1,4.054766217838991,1.8920946026904804,180.0,0,5,5,874,1958
358.0,3.0,1.0,735,5.0,61,240,0.0,1154,0,3.7352794480604565,1.6020599913279623,0.0,96,8,4,796,1922
0.0,3.0,1.0,0,0.0,0,420,0.0,1048,1,3.8573324964312685,1.7781512503836436,0.0,27,5,5,0,1950
0.0,2.0,1.0,0,0.0,190,273,0.0,886,1,3.7622282842864743,1.6989700043360187,0.0,20,8,5,190,1938
0.0,2.0,2.0,943,2.0,0,600,0.0,943,1,3.8470788620657155,1.8388490907372552,0.0,0,5,5,943,1979
902.0,3.0,1.0,400,2.0,466,603,1.0,1768,0,3.9913590026379504,1.8750612633917,0.0,108,5,7,866,2005
1177.0,4.0,1.0,0,0.0,1393,779,2.0,2599,0,4.169498094684968,2.03342375548695,165.0,30,5,9,1393,1999
0.0,2.0,1.0,456,3.0,456,275,1.0,912,1,4.006466042249231,1.845098040014257,1.0,0,5,5,912,1958
0.0,2.0,1.0,0,0.0,0,308,0.0,882,1,4.103872108403055,1.845098040014257,0.0,45,5,5,0,1956
0.0,2.0,1.0,266,2.0,1139,511,2.0,1337,0,3.6085260335771943,1.5314789170422551,0.0,68,5,6,1405,1998
0.0,2.0,2.0,1386,2.0,690,850,0.0,2076,2,4.142733511313519,2.0293837776852097,0.0,229,5,10,2076,2006
1203.0,4.0,0.0,56,4.0,1198,752,1.0,2531,0,4.088384186097703,1.8129133566428555,513.0,98,5,8,1318,1995
787.0,3.0,1.0,569,1.0,162,240,0.0,1768,0,3.8573324964312685,1.7781512503836436,252.0,0,7,5,731,1937
0.0,2.0,2.0,1573,0.0,0,538,0.0,1625,0,3.6766936096248664,1.6434526764861874,481.0,0,5,8,1573,2006
700.0,4.0,2.0,697,3.0,747,389,2.0,2144,0,5.201397124320452,1.8388490907372552,472.0,98,7,6,1444,1958
0.0,3.0,1.0,0,0.0,1237,880,0.0,2775,0,4.1303337684950066,1.8750612633917,0.0,502,9,10,1237,1893
728.0,3.0,1.0,0,0.0,585,477,2.0,1868,1,4.082426300860772,1.8920946026904804,74.0,112,7,6,585,1984
0.0,3.0,0.0,1400,2.0,125,541,1.0,1525,0,3.9590413923210934,1.845098040014257,244.0,36,5,7,1525,2000
0.0,3.0,2.0,0,0.0,1571,722,2.0,1571,0,4.041037207867029,1.9493900066449128,80.0,36,5,8,1571,2007
0.0,2.0,1.0,0,0.0,796,0,0.0,796,1,3.943346098356591,1.8260748027008264,0.0,0,7,5,796,1910
994.0,4.0,1.0,0,0.0,994,432,1.0,2372,1,3.8195439355418688,1.7781512503836436,0.0,287,4,5,994,1892
670.0,3.0,1.0,0,0.0,384,402,1.0,1472,0,4.032779879191245,1.8388490907372552,76.0,0,5,7,384,1991
0.0,0.0,0.0,648,2.0,0,364,0.0,960,1,4.010554351540322,1.8388490907372552,0.0,0,9,4,648,1965
1104.0,4.0,0.0,0,0.0,732,372,2.0,1838,1,4.341038631677523,1.7781512503836436,0.0,40,5,5,732,2005
0.0,3.0,1.0,663,1.0,0,484,1.0,1309,0,4.006037954997317,1.8920946026904804,99.0,0,6,6,1040,1974
574.0,3.0,0.0,0,0.0,2153,694,2.0,2643,2,4.136498608156699,2.0211892990699383,772.0,84,5,9,2153,2006
455.0,3.0,1.0,0,0.0,676,200,0.0,1131,1,3.7573960287930244,1.7160033436347992,0.0,0,6,5,676,1941
1000.0,4.0,1.0,0,0.0,960,400,0.0,1960,1,3.88058495606498,1.7781512503836436,360.0,0,5,5,960,1952
0.0,3.0,1.0,25,5.0,247,336,0.0,1144,1,3.963976609996606,1.8512583487190752,0.0,88,5,5,1144,1963
0.0,0.0,1.0,1056,2.0,0,576,0.0,1056,1,3.8437931983259124,1.806179973983887,0.0,56,5,6,1056,1980
0.0,2.0,1.0,0,0.0,693,0,0.0,693,3,3.6146863422820124,2.184691430817599,0.0,20,4,4,693,1941
0.0,3.0,2.0,1200,2.0,279,576,1.0,1494,0,3.9654839242451385,1.8976270912904414,0.0,27,5,6,1479,1997
0.0,2.0,2.0,1373,2.0,221,482,2.0,1646,0,3.584557360525675,1.6434526764861874,174.0,53,5,8,1594,2004
0.0,3.0,0.0,390,1.0,474,352,0.0,864,1,3.8561244442423,1.7781512503836436,0.0,0,7,5,864,1972
0.0,3.0,0.0,1078,2.0,488,750,1.0,1566,0,3.9542425094393248,1.8750612633917,36.0,168,5,8,1566,2008
660.0,3.0,1.0,593,5.0,130,497,0.0,1395,1,4.111800006898345,1.8388490907372552,0.0,116,6,6,723,1972
0.0,2.0,1.0,152,5.0,628,539,0.0,1208,1,3.795184589682424,1.7160033436347992,0.0,23,5,4,780,1925
574.0,4.0,3.0,0,0.0,939,180,0.0,1513,1,3.7867514221455614,1.7075701760979363,0.0,0,8,5,939,1920
408.0,3.0,1.0,425,4.0,459,560,0.0,1367,1,3.795184589682424,1.7160033436347992,0.0,0,6,6,884,1931
0.0,3.0,1.0,763,5.0,192,386,0.0,955,1,3.8888531669829365,1.8195439355418688,0.0,0,7,5,955,1966
0.0,3.0,1.0,0,0.0,1007,210,0.0,1077,1,3.990605211423919,1.7781512503836436,0.0,100,4,3,1007,1922
0.0,3.0,3.0,1056,3.0,0,572,2.0,1056,1,4.539703238947825,2.0,0.0,0,5,5,1056,1955
797.0,3.0,1.0,0,0.0,756,615,1.0,1553,0,3.909823369650912,1.8129133566428555,0.0,45,5,7,756,2005
0.0,3.0,0.0,20,2.0,1594,865,1.0,1614,0,4.0496056125949735,1.9344984512435677,240.0,59,5,7,1614,2005
0.0,3.0,1.0,0,0.0,2042,1390,1.0,2042,2,4.1039404850830214,1.9912260756924949,306.0,90,5,8,2042,2008
0.0,2.0,1.0,0,0.0,1073,326,0.0,1073,1,3.7323937598229686,1.7781512503836436,0.0,0,6,5,1073,1921
213.0,2.0,1.0,336,5.0,295,240,0.0,1285,1,3.9362623419034777,1.6989700043360187,0.0,0,5,5,672,1948
0.0,4.0,3.0,865,5.0,340,550,2.0,2117,1,4.11143055176598,1.8388490907372552,0.0,42,7,6,1205,1970
0.0,2.0,3.0,348,0.0,180,0,0.0,605,1,3.9589459324939362,1.7634279935629373,0.0,0,7,4,528,1920
0.0,3.0,1.0,179,1.0,465,300,1.0,1150,1,3.900093901543398,1.845098040014257,0.0,0,6,5,1150,1959
728.0,3.0,1.0,0,0.0,728,400,0.0,1456,0,3.9046614579155245,1.7075701760979363,0.0,24,5,6,728,2005
0.0,3.0,0.0,867,1.0,77,588,1.0,999,2,4.083574279673991,1.8388490907372552,210.0,76,9,7,944,1961
750.0,3.0,1.0,0,0.0,750,564,1.0,1500,0,3.946746935033585,1.8325089127062364,0.0,35,5,6,750,2005
0.0,2.0,3.0,841,5.0,324,375,0.0,1336,1,4.19728055812562,1.954242509439325,56.0,0,5,5,1165,1953
729.0,3.0,1.0,759,2.0,80,398,0.0,1593,1,3.870111155364401,1.792391689498254,0.0,75,5,6,839,2004
1054.0,3.0,0.0,936,2.0,168,836,2.0,2184,2,4.053385799817482,1.9822712330395684,154.0,102,5,9,1104,2008
0.0,3.0,1.0,0,0.0,1560,573,2.0,1560,0,3.9635989625972416,2.110589710299249,0.0,150,5,7,1560,2003
0.0,3.0,1.0,386,4.0,342,312,0.0,1644,0,3.976808337338066,1.8976270912904414,224.0,0,7,5,728,1942
0.0,3.0,0.0,515,2.0,115,286,0.0,630,0,3.1835545336188615,1.3222192947339193,0.0,0,8,4,630,1970
0.0,3.0,1.0,751,5.0,392,504,1.0,1113,1,3.898560644939712,1.8388490907372552,174.0,30,7,6,1143,1976
1101.0,3.0,1.0,0,0.0,1063,947,1.0,2172,0,4.150879191269239,2.037426497940624,350.0,62,5,7,1063,2006
550.0,2.0,1.0,0,0.0,560,384,0.0,1346,1,4.070665753453728,1.845098040014257,0.0,24,7,4,560,1910
1426.0,4.0,0.0,64,2.0,1120,550,2.0,2610,2,3.9542425094393248,1.8750612633917,0.0,364,5,8,1184,2007
932.0,3.0,1.0,0,0.0,1026,936,2.0,1958,0,4.026328938722349,1.9294189257142926,0.0,210,5,7,1026,2005
0.0,3.0,1.0,0,0.0,1468,898,2.0,1468,0,3.9828137621318627,1.8692317197309762,72.0,150,5,8,1468,2008
432.0,4.0,1.0,0,0.0,0,539,0.0,1734,0,4.005395031886706,1.8750612633917,0.0,0,5,5,0,1977
432.0,3.0,1.0,352,5.0,416,240,0.0,1200,1,4.070665753453728,1.845098040014257,0.0,0,6,5,768,1946
438.0,2.0,1.0,812,2.0,280,438,2.0,1550,0,3.909823369650912,1.8129133566428555,100.0,168,5,7,1092,2006
795.0,5.0,1.0,0,0.0,795,440,0.0,2230,1,3.7926717891415676,1.7781512503836436,0.0,188,5,4,795,1912
0.0,3.0,1.0,0,0.0,1064,240,0.0,1639,1,4.020361282647708,1.7075701760979363,0.0,0,5,6,1064,1936
0.0,3.0,1.0,521,5.0,169,624,0.0,864,1,3.9590413923210934,1.845098040014257,0.0,0,5,5,864,1958
0.0,3.0,3.0,213,1.0,995,440,0.0,1621,0,4.15060295179301,1.9590413923210936,0.0,45,7,7,1208,1984
504.0,3.0,1.0,162,1.0,321,264,0.0,987,0,3.225309281725863,1.3222192947339193,510.0,0,8,6,483,1972
1281.0,4.0,2.0,965,2.0,245,628,1.0,2519,0,4.417936463370464,1.6232492903979006,293.0,27,5,7,1210,1989
600.0,3.0,1.0,765,4.0,0,440,0.0,1365,1,3.374381698050882,1.380211241711606,312.0,36,6,5,765,1970
1141.0,4.0,3.0,0,0.0,1128,779,0.0,2290,0,4.051152522447381,1.8388490907372552,0.0,0,5,8,1128,2002
1347.0,4.0,0.0,0,0.0,1249,840,1.0,2596,0,4.211093831058963,2.0453229787866576,370.0,154,5,9,1249,2006
0.0,3.0,1.0,288,3.0,619,352,0.0,907,1,3.934144811792477,1.8864907251724818,0.0,0,6,4,907,1957
0.0,3.0,1.0,566,1.0,289,440,0.0,1456,1,3.357934847000454,1.380211241711606,0.0,0,6,6,855,1976
0.0,3.0,0.0,803,1.0,303,540,0.0,1190,1,3.8880671134074367,1.845098040014257,120.0,18,6,5,1106,1962
0.0,2.0,1.0,322,1.0,536,684,0.0,858,1,3.8656960599160706,1.8388490907372552,0.0,0,6,4,858,1971
0.0,3.0,2.0,1880,1.0,343,516,2.0,2223,1,4.1351644666569545,1.9777236052888478,1115.0,0,6,7,2223,1973
0.0,2.0,1.0,0,0.0,1005,672,0.0,1005,3,4.018450832386356,1.7781512503836436,0.0,0,5,4,1005,1955
809.0,3.0,1.0,0,0.0,712,409,2.0,1895,0,4.034708651341069,1.8388490907372552,0.0,46,5,7,712,1994
0.0,3.0,1.0,906,3.0,134,384,0.0,1040,1,4.049218022670182,1.845098040014257,0.0,0,5,5,1040,1965
0.0,3.0,1.0,697,3.0,571,461,0.0,1264,1,3.9684829485539352,1.863322860120456,324.0,0,5,5,1268,1960
887.0,3.0,1.0,0,0.0,874,578,2.0,1761,0,4.00889811477094,1.9242792860618816,0.0,105,6,7,874,2007
0.0,3.0,0.0,539,2.0,473,888,0.0,1034,1,4.090892625710363,1.8388490907372552,335.0,0,5,6,1012,1976
0.0,2.0,2.0,226,4.0,96,439,0.0,1363,1,4.5922211842264415,1.863322860120456,0.0,0,7,7,1385,1954
0.0,3.0,1.0,0,0.0,1436,480,0.0,1689,1,3.993656628615462,1.863322860120456,0.0,0,5,6,1436,1956
0.0,2.0,2.0,1696,2.0,413,839,2.0,2113,0,4.018575683467251,1.9590413923210936,660.0,46,6,8,2109,1995
0.0,3.0,1.0,788,2.0,785,544,1.0,1573,0,3.9915804571743396,1.8260748027008264,110.0,72,5,7,1573,2002
0.0,3.0,2.0,2188,2.0,142,820,2.0,2364,2,4.111228898234156,2.0,760.0,67,5,9,2330,2009
977.0,3.0,1.0,739,2.0,318,645,1.0,2034,0,3.9719712763997563,1.8388490907372552,573.0,36,5,7,1057,1997
0.0,2.0,3.0,1003,2.0,288,431,0.0,1291,0,3.4604467838807205,1.8388490907372552,0.0,0,5,6,1291,1996
0.0,2.0,2.0,696,5.0,162,0,0.0,858,1,3.8577545220594422,1.6989700043360187,0.0,0,7,5,858,1958
560.0,2.0,3.0,204,3.0,356,280,0.0,1258,1,3.957128197676813,1.7781512503836436,0.0,0,5,6,560,1939
0.0,1.0,1.0,290,3.0,0,246,0.0,438,3,3.9242792860618816,1.7781512503836436,0.0,0,5,2,290,1920
728.0,3.0,1.0,209,1.0,463,440,2.0,1400,1,3.8945375849957466,1.8692317197309762,203.0,0,7,6,672,1978
0.0,2.0,1.0,0,0.0,920,240,0.0,954,3,3.7996850909091004,1.6989700043360187,0.0,0,7,5,920,1938
0.0,3.0,2.0,564,0.0,563,645,1.0,1445,1,4.082605872697899,1.8388490907372552,115.0,0,6,6,1127,1964
0.0,2.0,2.0,459,0.0,88,525,0.0,1072,1,3.5652573434202135,1.5440680443502757,80.0,28,5,6,547,2005
0.0,4.0,1.0,0,0.0,0,0,0.0,1664,1,3.992332559047464,1.8750612633917,0.0,0,5,5,0,1965
689.0,5.0,1.0,0,0.0,844,441,0.0,2134,0,4.0751087964165,1.8388490907372552,0.0,60,6,6,844,1916
1254.0,4.0,3.0,428,5.0,537,380,0.0,3194,1,4.085219201044942,1.8920946026904804,0.0,0,6,8,965,1934
912.0,4.0,0.0,0,0.0,912,0,0.0,1824,1,3.9731278535996988,1.9731278535996986,0.0,0,5,6,912,1971
868.0,3.0,1.0,742,1.0,130,422,2.0,1756,1,3.968623020956989,1.8388490907372552,42.0,122,5,6,872,1996
0.0,2.0,1.0,595,1.0,317,576,0.0,912,0,3.9480215331411035,1.8573324964312685,300.0,240,8,5,912,1965
0.0,3.0,0.0,783,2.0,678,600,1.0,1509,0,4.008600171761918,1.9294189257142926,219.0,0,5,6,1461,1988
448.0,3.0,1.0,264,5.0,712,216,0.0,1608,0,3.7903555464143865,1.7075701760979363,0.0,16,6,6,976,1925
0.0,3.0,1.0,28,2.0,1288,397,2.0,1316,0,4.010172703286779,1.8129133566428555,0.0,0,5,6,1316,2005
0.0,3.0,1.0,489,3.0,279,450,0.0,1015,1,3.7867514221455614,1.7075701760979363,0.0,0,7,5,768,1925
378.0,3.0,1.0,312,1.0,444,240,0.0,1134,1,3.9116901587538613,1.7781512503836436,0.0,0,6,5,756,1940
0.0,3.0,1.0,63,2.0,1560,865,1.0,1636,0,4.130365937265207,2.0644579892269186,208.0,60,5,8,1623,2006
660.0,3.0,1.0,0,0.0,660,400,2.0,1320,0,3.88930170250631,1.8388490907372552,0.0,48,5,7,660,2003
966.0,3.0,2.0,249,4.0,0,538,2.0,2126,1,4.457851631255608,1.8388490907372552,0.0,0,5,5,1013,1967
0.0,3.0,3.0,776,1.0,344,525,1.0,1128,1,3.9395192526186187,1.9030899869919435,148.0,20,6,5,1120,1963
0.0,2.0,3.0,860,5.0,132,756,0.0,1306,1,3.9401178667477184,1.806179973983887,0.0,0,7,5,992,1957
546.0,3.0,1.0,0,0.0,546,0,0.0,1344,1,3.185542154854375,1.3222192947339193,0.0,0,6,4,546,1970
978.0,3.0,1.0,0,0.0,718,704,0.0,2554,1,4.033423755486949,1.7781512503836436,0.0,48,8,7,718,1890
0.0,2.0,1.0,220,1.0,625,576,0.0,893,0,3.9822712330395684,1.7781512503836436,0.0,0,7,5,845,1949
1039.0,4.0,3.0,0,0.0,894,668,2.0,1933,0,4.164293359314462,1.9344984512435677,74.0,18,5,6,894,2007
546.0,3.0,1.0,356,5.0,316,264,0.0,1218,1,3.2764618041732443,1.3222192947339193,285.0,28,5,6,672,1973
808.0,3.0,1.0,0,0.0,808,534,1.0,1969,1,4.077440584471324,1.9637878273455553,0.0,0,6,7,808,1977
870.0,3.0,1.0,1079,2.0,141,556,1.0,2090,0,4.0,1.9030899869919435,438.0,65,5,8,1220,1995
0.0,3.0,0.0,998,1.0,486,487,0.0,1484,1,4.087887849492933,1.845098040014257,0.0,0,6,5,1484,1971
0.0,4.0,1.0,0,0.0,1656,506,0.0,1656,1,3.965953889102063,1.9395192526186185,564.0,211,5,5,1656,1973
406.0,3.0,1.0,468,3.0,350,210,0.0,1224,1,3.59659709562646,1.8388490907372552,0.0,0,8,6,818,1926
1032.0,3.0,1.0,695,2.0,297,390,1.0,2054,0,4.087213341231615,1.8388490907372552,40.0,48,5,6,992,2000
0.0,2.0,1.0,0,0.0,832,576,0.0,854,1,3.7867514221455614,1.7075701760979363,0.0,112,8,7,832,1929
546.0,3.0,1.0,334,5.0,212,286,1.0,1092,1,3.295347148333618,1.8388490907372552,0.0,96,5,4,546,1973
0.0,3.0,0.0,196,1.0,1072,252,0.0,1268,0,3.967828679330155,1.8388490907372552,0.0,0,7,5,1268,1977
834.0,3.0,0.0,385,2.0,70,550,1.0,1661,0,4.028042295090749,1.6334684555795864,0.0,61,6,7,799,1996
0.0,3.0,0.0,370,5.0,315,502,2.0,1668,0,4.0267374942387475,1.6812412373755872,171.0,262,5,8,1657,2003
0.0,3.0,2.0,994,2.0,484,508,2.0,1493,0,4.1180993120779945,1.8750612633917,215.0,39,5,6,1478,1997
0.0,2.0,1.0,0,0.0,932,306,0.0,932,0,3.9180303367848803,1.7558748556724915,0.0,0,5,6,932,1950
0.0,2.0,2.0,778,2.0,499,526,0.0,1277,1,4.02645154573824,1.9294189257142926,0.0,0,5,7,1277,1970
0.0,3.0,0.0,1300,2.0,230,630,2.0,1530,0,4.163519162569878,2.2600713879850747,0.0,36,5,7,1530,2004
0.0,2.0,1.0,457,1.0,193,484,0.0,1344,1,3.9778607292646972,1.8388490907372552,0.0,28,5,5,1024,1958
0.0,2.0,0.0,672,1.0,168,528,0.0,860,1,3.941511432634403,1.8692317197309762,0.0,0,6,5,840,1982
0.0,2.0,1.0,904,2.0,410,626,0.0,1314,0,3.699056854547668,1.5314789170422551,166.0,62,5,7,1314,2007
571.0,3.0,3.0,464,2.0,927,868,1.0,1962,0,3.9425041061680806,1.863322860120456,0.0,90,5,7,1391,2006
702.0,3.0,0.0,724,2.0,64,388,2.0,1490,0,4.187069271230423,1.7781512503836436,0.0,75,5,7,788,2004
0.0,1.0,0.0,662,2.0,186,420,0.0,848,0,3.6460114095912393,1.8388490907372552,169.0,0,5,6,848,2004
0.0,2.0,1.0,0,0.0,672,240,0.0,672,1,4.008600171761918,1.7781512503836436,0.0,0,8,5,672,1940
1152.0,4.0,1.0,275,2.0,877,252,1.0,2340,0,3.9562645026982755,1.8195439355418688,0.0,60,9,7,1152,1941
704.0,3.0,1.0,0,0.0,660,180,0.0,1656,1,4.017450729510536,1.7781512503836436,0.0,0,7,5,660,1916
754.0,4.0,1.0,626,1.0,99,484,2.0,1479,0,3.873436863222037,1.8388490907372552,138.0,32,9,7,725,1972
0.0,3.0,1.0,0,0.0,1226,740,1.0,1226,0,4.017116849438813,1.9731278535996986,0.0,36,5,7,1226,2009
1111.0,5.0,2.0,568,4.0,264,444,2.0,2087,0,4.086537783753207,1.8388490907372552,157.0,168,8,6,832,1966
0.0,3.0,1.0,941,1.0,217,576,0.0,1158,0,4.11634203918834,1.7993405494535817,0.0,50,5,6,1158,2004
0.0,3.0,3.0,740,5.0,184,480,1.0,1154,1,4.041392685158225,1.8388490907372552,200.0,58,6,5,1154,1966
844.0,3.0,0.0,0,0.0,880,527,2.0,1724,0,3.9505595616118003,1.7558748556724915,0.0,155,5,7,880,1998
885.0,3.0,1.0,219,2.0,554,431,2.0,1658,1,3.9030899869919438,1.8388490907372552,0.0,84,5,6,773,1995
0.0,2.0,1.0,0,0.0,0,520,2.0,1126,0,3.943346098356591,1.8260748027008264,0.0,96,5,4,0,1949
521.0,3.0,1.0,0,0.0,816,300,0.0,1393,1,4.2165881110755015,1.7708520116421442,0.0,0,7,5,816,1955
1479.0,4.0,3.0,192,3.0,536,1014,0.0,3447,0,4.14921911265538,1.8388490907372552,632.0,12,9,8,728,1935
504.0,2.0,1.0,309,5.0,174,264,0.0,987,1,3.2907022432878543,1.3222192947339193,408.0,0,5,6,483,1973
547.0,4.0,1.0,351,1.0,112,0,0.0,1355,1,4.004579293902212,1.792391689498254,0.0,0,7,5,644,1940
0.0,4.0,2.0,425,2.0,160,505,1.0,2069,0,4.4416951356407175,2.4955443375464483,0.0,0,7,7,585,1960
0.0,3.0,1.0,549,1.0,195,440,0.0,1501,1,3.357934847000454,1.380211241711606,360.0,0,5,7,744,1999
0.0,2.0,2.0,1350,0.0,626,908,1.0,1976,0,4.175424829790322,2.041392685158225,304.0,63,5,8,1976,2006
0.0,3.0,1.0,33,2.0,1530,758,1.0,1563,0,4.008855563996213,1.8920946026904804,468.0,99,5,8,1563,2007
539.0,2.0,1.0,0,0.0,572,288,0.0,1111,1,3.7558748556724915,1.8388490907372552,0.0,0,7,7,572,1926
651.0,3.0,1.0,0,0.0,776,270,1.0,1502,1,3.8573324964312685,1.7781512503836436,0.0,0,6,7,776,1931
0.0,4.0,1.0,0,0.0,0,452,0.0,1733,1,4.136086097384098,1.8388490907372552,0.0,0,5,3,0,1955
880.0,4.0,1.0,1410,2.0,438,706,2.0,2728,2,4.310289623796099,1.7481880270062005,870.0,0,5,9,1848,2005
672.0,3.0,1.0,231,1.0,399,264,0.0,1302,1,3.225309281725863,1.3222192947339193,268.0,0,7,5,630,1972
192.0,0.0,2.0,1258,2.0,74,586,2.0,1524,0,4.372819981678968,1.8388490907372552,0.0,0,6,7,1332,1979
468.0,4.0,1.0,0,0.0,0,680,2.0,1588,1,4.233503760341135,1.9030899869919435,0.0,59,4,4,0,1959
0.0,2.0,1.0,0,0.0,1125,430,0.0,1125,1,3.9312544064164134,1.8692317197309762,0.0,64,5,5,1125,2006
600.0,2.0,1.0,0,0.0,600,480,1.0,1200,0,3.5024271199844326,1.4771212547196624,0.0,166,5,7,600,2005
842.0,3.0,1.0,0,0.0,798,520,1.0,1640,0,3.9225178602446116,1.8129133566428555,0.0,45,5,6,798,2004
904.0,3.0,1.0,1000,2.0,223,525,1.0,2127,0,4.039176084376041,1.9084850188786497,448.0,132,5,7,1223,1994
0.0,2.0,1.0,680,1.0,292,240,0.0,972,1,3.9030899869919438,1.6989700043360187,0.0,0,6,6,972,1948
878.0,3.0,1.0,584,2.0,544,466,1.0,2020,0,3.9924651478080433,1.9030899869919435,0.0,155,5,8,1128,1995
0.0,3.0,0.0,739,5.0,405,596,0.0,1144,1,3.9809573162296203,1.8325089127062364,0.0,0,6,5,1144,1956
0.0,3.0,0.0,300,5.0,468,288,0.0,1352,0,3.8407332346118066,1.9637878273455553,120.0,0,4,5,1062,1958
0.0,3.0,1.0,234,4.0,0,484,0.0,1316,1,3.7403626894942437,1.6989700043360187,0.0,0,7,5,926,1929
838.0,3.0,0.0,956,2.0,130,592,1.0,1924,0,4.079579166970131,1.8920946026904804,530.0,75,5,8,1086,1998
0.0,3.0,1.0,1040,1.0,124,240,0.0,1164,1,4.036628895362161,1.8325089127062364,0.0,48,5,5,1164,1950
0.0,2.0,3.0,852,1.0,100,840,0.0,952,1,3.8662873390841948,1.7781512503836436,0.0,0,7,5,952,1951
1215.0,4.0,1.0,259,4.0,425,0,0.0,2358,1,3.720159303405957,1.6989700043360187,0.0,54,5,8,684,1872
0.0,3.0,1.0,808,2.0,72,540,2.0,1680,0,4.33635965446523,1.8388490907372552,260.0,44,9,6,880,1988
691.0,3.0,1.0,0,0.0,482,672,0.0,1912,1,4.033423755486949,1.7781512503836436,0.0,25,7,6,482,1905
0.0,2.0,1.0,578,1.0,426,480,2.0,1004,1,4.05080494781346,1.8388490907372552,180.0,0,7,6,1004,1970
456.0,3.0,1.0,384,1.0,363,305,0.0,1230,1,3.6732052817790453,1.7075701760979363,0.0,57,7,4,747,1946
0.0,3.0,1.0,645,5.0,270,495,0.0,1167,1,3.941063988219902,1.9912260756924949,0.0,0,5,5,915,1920
0.0,2.0,3.0,405,4.0,740,440,0.0,1301,3,3.839540892968969,1.7781512503836436,0.0,0,5,5,1145,1924
0.0,3.0,2.0,1082,2.0,371,445,1.0,1453,0,3.7218930162149575,1.8388490907372552,0.0,80,5,7,1453,1986
0.0,3.0,0.0,1358,2.0,223,670,1.0,1601,0,4.057780176794582,1.8388490907372552,479.0,0,5,8,1581,2001
0.0,3.0,0.0,0,0.0,1588,825,0.0,1588,0,4.0,1.9294189257142926,410.0,45,5,8,1588,2006
0.0,2.0,2.0,513,1.0,75,264,0.0,1095,1,4.01628102454283,1.8750612633917,105.0,0,5,6,588,1958
0.0,3.0,1.0,915,3.0,135,368,0.0,1050,1,4.02771646220899,1.8388490907372552,0.0,319,6,5,1050,1961
0.0,3.0,1.0,520,3.0,440,432,2.0,960,1,4.038262407104784,1.863322860120456,48.0,0,5,4,960,1965
454.0,4.0,3.0,0,0.0,810,280,0.0,1456,1,3.879955585122749,1.6989700043360187,0.0,0,3,5,810,1948
0.0,3.0,1.0,0,0.0,1489,462,1.0,1489,0,3.9617057840025054,1.8388490907372552,0.0,0,7,6,1489,1968
0.0,3.0,1.0,1126,0.0,600,786,0.0,1726,2,3.9738664498353784,1.8976270912904414,205.0,138,5,7,1726,2007
720.0,3.0,1.0,0,0.0,1362,484,0.0,2082,0,4.05789421972453,1.7993405494535817,0.0,238,5,7,1362,2003
0.0,3.0,1.0,1053,1.0,256,484,2.0,1339,1,3.9057419273916016,1.6989700043360187,54.0,58,5,7,1309,1990
1140.0,3.0,3.0,781,2.0,503,1069,2.0,2450,0,4.218666771495871,1.8388490907372552,731.0,126,5,8,1284,1998
984.0,4.0,0.0,0,0.0,879,660,2.0,1863,0,4.1477999492012,1.7634279935629373,0.0,17,5,7,879,2006
0.0,2.0,0.0,656,2.0,112,396,0.0,768,1,3.9265996539070276,1.845098040014257,0.0,0,7,5,768,1972
0.0,1.0,1.0,0,0.0,0,0,0.0,334,3,3.6989700043360187,1.6989700043360187,0.0,0,3,1,0,1946
0.0,3.0,1.0,892,3.0,244,384,0.0,1136,1,3.963787827345555,1.9030899869919435,0.0,0,6,6,1136,1965
0.0,2.0,1.0,1201,2.0,36,405,2.0,1337,1,3.6532125137753435,1.505149978319906,443.0,199,5,6,1237,1998
0.0,2.0,1.0,312,3.0,0,288,0.0,912,1,3.8920946026904804,1.8195439355418688,0.0,0,5,5,912,1964
936.0,4.0,1.0,540,1.0,324,264,1.0,1812,1,3.88024177589548,1.8388490907372552,288.0,168,5,5,864,1962
720.0,4.0,1.0,378,0.0,342,240,0.0,2192,0,3.9242792860618816,1.7781512503836436,0.0,24,8,5,720,1939
526.0,5.0,1.0,0,0.0,658,0,0.0,1184,1,3.924795995797912,1.7634279935629373,0.0,151,3,5,658,1910
925.0,4.0,1.0,0,0.0,925,308,0.0,1889,1,4.00518051250378,1.7781512503836436,0.0,0,4,7,925,1910
0.0,3.0,1.0,405,3.0,658,624,0.0,1327,0,3.868526886768204,1.8750612633917,0.0,0,6,5,1063,1959
0.0,3.0,1.0,588,0.0,606,576,2.0,1422,0,4.082426300860772,1.8920946026904804,210.0,0,6,6,1422,1981
0.0,4.0,0.0,0,0.0,1632,576,0.0,1632,1,4.3979400086720375,2.0,0.0,0,4,5,1632,1967
0.0,3.0,1.0,0,0.0,1630,451,0.0,1630,0,3.989004615698537,1.8750612633917,171.0,234,5,7,1630,2000
0.0,2.0,1.0,0,0.0,1013,0,0.0,1526,3,3.9278834103307068,2.0211892990699383,0.0,0,2,3,1013,1915
0.0,2.0,1.0,0,0.0,0,420,0.0,1040,1,3.8573324964312685,1.7781512503836436,0.0,0,5,4,0,1949
806.0,4.0,1.0,0,0.0,806,216,0.0,1647,3,3.8361974807789254,1.8195439355418688,0.0,66,4,6,806,1915
653.0,4.0,1.0,622,5.0,500,576,0.0,1981,0,3.8923172607224803,1.8129133566428555,0.0,44,3,4,1122,1928
0.0,3.0,1.0,1285,2.0,131,418,2.0,1644,1,3.9822712330395684,1.9030899869919435,238.0,0,5,6,1416,1953
1092.0,3.0,1.0,0,0.0,1482,868,2.0,2574,2,3.9817280253616163,1.8388490907372552,270.0,148,5,8,1482,2007
764.0,3.0,1.0,0,0.0,764,520,0.0,1824,1,4.130816050034745,1.7781512503836436,0.0,0,6,6,764,1919
0.0,3.0,2.0,624,2.0,288,520,1.0,1350,1,3.9552065375419416,1.9138138523837167,259.0,0,5,6,1248,1964
0.0,2.0,1.0,958,4.0,0,440,1.0,958,1,3.692670699156369,1.8388490907372552,0.0,60,6,6,958,1976
795.0,4.0,1.0,0,0.0,833,370,0.0,1848,0,4.115710338012379,1.806179973983887,0.0,0,7,6,833,1923
0.0,3.0,1.0,1116,5.0,165,490,0.0,1620,1,3.999608958971417,1.8388490907372552,0.0,78,4,4,1281,1976
0.0,3.0,1.0,560,2.0,598,400,1.0,1167,0,3.966047821076454,1.8388490907372552,106.0,26,6,6,1158,1992
0.0,3.0,1.0,94,4.0,641,220,0.0,1487,1,3.941561120236071,1.7160033436347992,0.0,140,4,6,735,1945
0.0,3.0,1.0,432,5.0,460,288,1.0,892,1,3.8543060418010806,1.8129133566428555,60.0,0,5,5,892,1967
0.0,3.0,1.0,510,5.0,278,240,0.0,804,0,3.8573324964312685,1.7781512503836436,294.0,0,7,5,788,1940
0.0,3.0,1.0,0,0.0,1140,0,0.0,1140,1,4.235957479466621,1.954242509439325,0.0,56,5,5,1140,2006
813.0,4.0,1.0,400,5.0,380,483,1.0,1796,1,3.848558572123763,1.8512583487190752,415.0,50,5,6,780,1963
912.0,4.0,1.0,156,4.0,692,551,2.0,2030,0,4.080842858834561,1.8388490907372552,298.0,224,6,6,848,1976
981.0,3.0,0.0,765,2.0,252,812,0.0,2007,2,4.0415111129593235,1.9294189257142926,160.0,52,5,10,1017,2008
0.0,2.0,1.0,0,0.0,691,216,0.0,691,2,3.7323937598229686,1.7781512503836436,0.0,20,6,5,691,1920
0.0,3.0,1.0,0,0.0,768,676,1.0,1590,0,3.9542425094393248,1.8750612633917,0.0,30,5,8,768,2008
639.0,4.0,1.0,444,3.0,550,325,0.0,1855,1,3.978864984347657,1.8750612633917,0.0,0,4,6,994,1954
776.0,3.0,1.0,0,0.0,994,442,2.0,1804,0,3.8750612633917,1.7781512503836436,0.0,60,5,7,994,1999
884.0,3.0,1.0,550,2.0,334,543,0.0,1768,0,3.9115837009810757,1.8129133566428555,252.0,63,5,7,884,2003
1796.0,4.0,2.0,1387,2.0,543,807,2.0,3627,0,4.55339751012388,2.0718820073061255,1378.0,76,5,10,1930,1995
0.0,3.0,1.0,1258,2.0,40,403,0.0,1298,0,4.049218022670182,1.8388490907372552,85.0,26,5,6,1298,1985
0.0,1.0,1.0,1247,1.0,254,484,2.0,1801,1,4.193180273565345,2.0,0.0,54,8,7,1501,1959
0.0,1.0,0.0,553,2.0,77,0,0.0,630,2,3.185542154854375,1.3222192947339193,0.0,0,7,5,630,1970
0.0,2.0,1.0,397,5.0,706,440,0.0,1103,0,3.7781512503836434,1.6989700043360187,0.0,120,6,6,1103,1925
319.0,2.0,3.0,0,0.0,859,384,1.0,1178,1,3.9401178667477184,1.8195439355418688,0.0,0,7,4,859,1900
0.0,2.0,1.0,197,4.0,999,440,0.0,1196,1,3.681241237375587,1.6020599913279623,0.0,0,7,4,1196,1916
0.0,3.0,1.0,0,0.0,1372,529,2.0,1372,0,3.936513742478893,1.8573324964312685,0.0,140,5,7,1372,2007
0.0,3.0,2.0,371,2.0,728,296,1.0,1431,1,3.9614210940664485,2.0043213737826426,305.0,110,5,6,1099,1962
0.0,3.0,0.0,0,0.0,1422,626,1.0,1422,0,3.929418925714293,1.7993405494535817,106.0,60,5,7,1422,2004
874.0,3.0,0.0,985,2.0,595,501,2.0,1953,0,4.7251517689347695,1.8388490907372552,0.0,231,5,6,1580,1992
0.0,2.0,1.0,0,0.0,1121,440,1.0,1121,1,3.9317628884811775,1.9030899869919435,0.0,64,5,4,1121,2003
1330.0,4.0,0.0,0,0.0,1143,852,0.0,2473,0,3.98186389099135,1.8808135922807914,344.0,151,5,8,1143,2004
0.0,3.0,1.0,417,3.0,640,576,2.0,1057,1,3.870403905279027,1.845098040014257,0.0,0,5,5,1057,1962
0.0,3.0,0.0,1097,2.0,0,602,2.0,1110,0,3.959089114367392,1.8388490907372552,104.0,30,6,5,1097,1978
1106.0,4.0,1.0,524,2.0,628,671,2.0,2270,0,4.070555015835032,1.9637878273455553,348.0,57,7,8,1152,1999
0.0,3.0,2.0,0,0.0,2002,746,2.0,2018,2,4.1210343024722995,1.9493900066449128,0.0,76,5,9,2002,2008
714.0,3.0,3.0,438,3.0,234,440,2.0,1386,1,4.065056603356019,1.8388490907372552,328.0,0,5,6,672,1978
871.0,3.0,3.0,0,0.0,1082,1043,1.0,1953,0,4.024239306069092,1.9294189257142926,0.0,50,5,8,1082,2005
0.0,2.0,1.0,733,2.0,604,462,1.0,1337,0,3.7319914490189294,1.6127838567197355,0.0,0,5,8,1337,1993
1288.0,4.0,1.0,0,0.0,969,648,2.0,2285,0,4.041392685158225,1.8388490907372552,72.0,56,5,8,969,2000
0.0,3.0,2.0,1288,2.0,417,826,1.0,1718,0,4.026819159241227,1.8976270912904414,336.0,44,5,8,1705,2007
0.0,3.0,0.0,516,1.0,380,484,1.0,1086,1,4.127104798364807,1.9294189257142926,1047.0,0,5,5,1024,1966
0.0,2.0,1.0,0,0.0,1373,660,2.0,1555,0,3.566319621524811,1.724275869600789,130.0,20,5,7,1373,2007
0.0,3.0,0.0,1406,2.0,496,567,2.0,1902,2,4.243038048686294,2.0,0.0,207,8,7,1902,1959
1216.0,4.0,1.0,1216,4.0,0,693,2.0,2514,1,4.048053173115609,1.8388490907372552,0.0,0,5,7,1216,1990
0.0,2.0,0.0,1086,2.0,0,528,0.0,1224,1,3.846213363879387,1.806179973983887,275.0,0,5,5,1086,1979
0.0,3.0,1.0,602,1.0,14,460,0.0,1054,1,3.989004615698537,1.8129133566428555,0.0,0,8,6,1054,1969
1336.0,4.0,1.0,854,2.0,371,676,2.0,2612,0,4.086466611271582,1.9912260756924949,975.0,0,5,8,1225,1998
0.0,3.0,1.0,599,2.0,277,288,0.0,902,1,3.7904962769671093,1.8388490907372552,75.0,0,6,5,876,1967
0.0,4.0,1.0,692,2.0,153,484,1.0,2353,2,4.114110356531891,1.9731278535996986,278.0,195,7,7,845,1980
703.0,3.0,1.0,378,2.0,311,299,2.0,1392,1,4.037426497940624,1.8388490907372552,153.0,36,7,6,689,1977
0.0,3.0,0.0,899,1.0,210,576,0.0,1155,0,4.071219018399974,1.9444826721501687,0.0,0,7,5,1109,1961
768.0,3.0,1.0,180,3.0,676,240,0.0,1904,1,3.8573324964312685,1.7781512503836436,0.0,0,4,5,1208,1950
208.0,3.0,1.0,0,0.0,862,208,1.0,1158,1,3.7781512503836434,1.6989700043360187,0.0,0,7,6,862,1929
611.0,3.0,3.0,0,0.0,611,502,2.0,1362,1,3.789228057267335,1.7781512503836436,0.0,0,8,6,611,1920
1286.0,4.0,1.0,0,0.0,975,429,2.0,2291,0,3.9414120403735495,1.8195439355418688,302.0,0,5,7,975,1999
668.0,3.0,1.0,0,0.0,649,250,0.0,1317,1,3.929418925714293,1.6989700043360187,0.0,54,4,4,649,1920
0.0,3.0,1.0,1004,2.0,730,928,0.0,1734,2,4.0822466547436695,1.968482948553935,328.0,0,5,8,1734,2007
0.0,3.0,1.0,0,0.0,1194,312,1.0,1194,1,3.9425041061680806,1.863322860120456,220.0,0,6,6,1194,1959
540.0,4.0,3.0,0,0.0,876,720,0.0,1416,1,4.102605194126567,2.0,0.0,0,8,5,876,1915
0.0,3.0,3.0,1064,5.0,319,354,0.0,1383,1,4.1233288669263475,1.8388490907372552,0.0,116,5,5,1383,1954
1001.0,3.0,1.0,284,5.0,717,871,0.0,2002,1,3.7972675408307164,1.9138138523837167,0.0,0,6,5,1001,1949
0.0,3.0,0.0,0,0.0,1496,474,0.0,1496,0,3.9618006391916785,1.8808135922807914,140.0,130,5,8,1496,2007
620.0,3.0,1.0,408,0.0,156,660,0.0,1604,1,4.0413137153458605,1.7781512503836436,0.0,68,5,5,984,1941
0.0,2.0,1.0,0,0.0,680,504,0.0,764,1,3.718667735316211,1.4771212547196624,0.0,0,5,5,680,1925
755.0,3.0,1.0,0,0.0,741,476,2.0,1732,0,3.9640709705579553,1.8864907251724818,336.0,46,5,6,741,1985
0.0,3.0,0.0,0,0.0,1494,840,1.0,1494,0,4.0274311577669035,1.9590413923210936,306.0,33,5,7,1494,2006
0.0,2.0,1.0,0,0.0,960,180,0.0,986,1,3.790988475088816,1.7781512503836436,0.0,128,5,6,960,1926
0.0,2.0,1.0,16,2.0,1129,397,2.0,1145,0,3.502700175310563,1.6334684555795864,11.0,16,5,7,1145,2005
742.0,3.0,1.0,0,0.0,742,0,0.0,1484,1,3.7993405494535817,1.5440680443502757,0.0,291,6,6,742,1914
0.0,3.0,1.0,111,2.0,354,525,1.0,1344,0,4.157607853361668,1.8388490907372552,541.0,118,6,6,819,1958
581.0,3.0,1.0,0,0.0,650,686,0.0,1539,0,4.018700498666243,1.7781512503836436,0.0,78,8,5,650,1904
1370.0,4.0,1.0,0,0.0,1122,656,2.0,2504,2,4.049140463158965,1.8864907251724818,245.0,39,5,9,1122,2005
0.0,1.0,3.0,0,0.0,600,528,0.0,747,1,3.7652959296980564,1.7160033436347992,108.0,0,5,4,600,1926
989.0,3.0,0.0,975,2.0,133,583,1.0,2097,0,3.989004615698537,1.8750612633917,0.0,170,6,7,1108,1998
1538.0,3.0,2.0,2260,2.0,878,884,2.0,4676,2,4.603079386040232,2.113943352306837,762.0,406,5,10,3138,2007
390.0,2.0,1.0,0,0.0,698,624,0.0,1176,1,3.7781512503836434,1.6989700043360187,0.0,0,9,6,698,1937
0.0,2.0,1.0,495,3.0,225,0,0.0,720,1,3.8964711004792774,1.7781512503836436,0.0,523,5,4,720,1920
0.0,3.0,1.0,0,0.0,1580,830,1.0,1580,0,4.076713244690025,1.9637878273455553,186.0,24,5,8,1580,2007
0.0,4.0,2.0,1440,0.0,0,0,0.0,1440,1,3.8871107031248835,1.6232492903979006,0.0,0,3,4,1440,1977
0.0,3.0,1.0,193,2.0,545,540,2.0,1476,0,3.9361617409111576,1.806179973983887,0.0,35,5,6,738,2005
0.0,3.0,0.0,20,2.0,1480,570,1.0,1500,0,3.9287542021766533,1.7993405494535817,210.0,36,5,7,1500,2004
464.0,3.0,1.0,0,0.0,884,216,0.0,1348,1,3.7781512503836434,1.6989700043360187,0.0,0,8,5,884,1925
0.0,1.0,3.0,661,2.0,203,884,0.0,1200,0,3.965201701025912,1.8512583487190752,166.0,64,8,5,864,1965
0.0,3.0,1.0,609,5.0,785,514,1.0,1394,1,3.9777236052888476,1.8388490907372552,247.0,76,5,6,1394,1963
832.0,4.0,1.0,400,2.0,336,484,0.0,1632,0,3.960470777534299,1.8388490907372552,252.0,40,8,6,800,1966
0.0,3.0,1.0,842,1.0,70,336,0.0,912,1,3.9304905653062696,1.845098040014257,0.0,0,5,5,912,1967
1254.0,4.0,1.0,1128,5.0,242,864,0.0,2624,1,4.350635608258955,1.9344984512435677,0.0,0,6,6,1370,1918
0.0,3.0,1.0,0,0.0,1140,349,0.0,1696,1,4.13586381379987,1.6020599913279623,0.0,30,5,5,1140,1962
548.0,2.0,1.0,0,0.0,440,440,0.0,1230,1,4.018700498666243,1.7781512503836436,0.0,0,6,5,440,1910
1178.0,3.0,1.0,297,3.0,556,440,0.0,2727,0,4.024074987307427,1.845098040014257,0.0,74,8,8,853,1932
728.0,3.0,1.0,0,0.0,728,429,1.0,1456,1,4.192511699503501,2.0211892990699383,0.0,0,5,6,728,2006
0.0,3.0,1.0,375,0.0,250,660,0.0,864,0,3.842609239610562,1.7781512503836436,0.0,0,6,4,864,1970
739.0,3.0,1.0,0,0.0,970,380,0.0,1709,0,3.401745082237063,1.380211241711606,50.0,40,5,6,970,2004
855.0,3.0,1.0,643,2.0,167,528,2.0,1665,0,3.9242792860618816,1.845098040014257,0.0,45,6,8,810,2001
1274.0,3.0,2.0,987,2.0,360,656,1.0,2646,0,3.99563519459755,1.954242509439325,256.0,60,5,7,1347,1993
0.0,3.0,1.0,0,0.0,798,595,1.0,1640,0,3.8588979572320032,1.8573324964312685,0.0,45,5,7,798,2003
685.0,3.0,3.0,440,5.0,538,420,0.0,1699,1,4.025919998502018,2.0293837776852097,0.0,74,5,3,978,1900
0.0,2.0,2.0,1116,5.0,248,529,0.0,1663,0,4.726131988995189,1.8388490907372552,0.0,137,6,4,1364,1954
0.0,6.0,1.0,1332,3.0,396,504,0.0,1728,1,3.9590413923210934,1.845098040014257,336.0,0,5,5,1728,1963
790.0,3.0,1.0,0,0.0,1055,462,1.0,1845,0,4.049915435673498,1.845098040014257,0.0,104,5,6,1055,1992
831.0,3.0,2.0,536,5.0,169,440,1.0,1851,0,3.9894498176666917,1.9030899869919435,340.0,42,8,6,822,1964
0.0,3.0,1.0,0,0.0,1489,776,1.0,1489,0,4.049838000622583,1.9084850188786497,0.0,140,5,8,1489,2006
0.0,2.0,1.0,612,3.0,252,300,0.0,864,1,3.9590413923210934,1.845098040014257,0.0,0,6,6,864,1959
0.0,3.0,1.0,830,5.0,136,276,2.0,1256,1,3.997255289820103,1.8750612633917,0.0,68,6,5,1256,1965
0.0,2.0,1.0,816,0.0,0,816,2.0,816,1,3.8195439355418688,1.7781512503836436,0.0,0,8,5,816,1982
918.0,4.0,2.0,454,1.0,410,492,0.0,1820,0,4.136720567156407,1.8388490907372552,288.0,84,6,7,864,1965
1215.0,4.0,3.0,48,5.0,422,833,1.0,2127,0,4.1180993120779945,2.012837224705172,0.0,192,5,7,1104,1991
0.0,3.0,1.0,0,0.0,1065,461,0.0,1065,1,3.948999454026953,1.9030899869919435,66.0,0,5,5,1065,1960
0.0,4.0,1.0,0,0.0,1200,312,0.0,1200,1,4.054613054556888,1.9242792860618816,0.0,0,5,6,1200,1923
0.0,2.0,0.0,686,2.0,501,632,1.0,1208,0,3.8300751664297503,1.806179973983887,24.0,61,5,7,1187,2006
1349.0,4.0,2.0,0,0.0,1094,642,2.0,2482,0,4.102605194126567,1.9444826721501687,245.0,39,5,8,1094,2005
0.0,3.0,1.0,919,2.0,801,527,2.0,1720,0,4.025018972282759,1.7708520116421442,338.0,56,5,7,1720,1996
0.0,3.0,1.0,116,4.0,556,0,0.0,840,1,3.6422666189026733,1.7403626894942439,0.0,0,7,5,672,1930
0.0,3.0,1.0,1200,2.0,78,496,0.0,1294,0,3.8544882250444306,1.8388490907372552,88.0,51,5,6,1278,1991
0.0,2.0,1.0,980,1.0,110,450,2.0,1090,1,3.8465845028980463,1.7781512503836436,0.0,49,5,5,1090,2005
0.0,4.0,1.0,0,0.0,1141,420,2.0,2263,0,4.082426300860772,1.968482948553935,650.0,123,5,8,1141,1998
0.0,3.0,0.0,716,5.0,253,440,0.0,969,1,4.015192041762835,2.0791812460476247,0.0,0,6,5,969,1975
0.0,2.0,1.0,0,0.0,894,1248,1.0,894,1,4.2552725051033065,2.0791812460476247,0.0,20,4,3,894,1935
0.0,2.0,1.0,0,0.0,1008,360,0.0,1028,1,3.9523080096621253,1.7481880270062005,0.0,0,6,5,1008,1927
979.0,4.0,1.0,484,3.0,495,492,0.0,1958,1,3.8534548413680665,1.9138138523837167,423.0,0,6,6,979,1946
0.0,2.0,0.0,0,0.0,1795,895,1.0,1795,0,3.999391561719091,1.8750612633917,428.0,49,5,8,1795,2006
0.0,3.0,0.0,1646,2.0,284,606,2.0,1940,2,4.006850960324272,1.919078092376074,450.0,95,5,9,1930,2009
0.0,3.0,1.0,1084,5.0,92,439,0.0,1178,0,4.0,1.9030899869919435,0.0,0,6,5,1176,1973
672.0,3.0,1.0,156,5.0,516,400,0.0,1482,3,4.084754963179354,1.8388490907372552,0.0,0,8,6,672,1925
0.0,3.0,1.0,0,0.0,1417,554,1.0,1428,2,4.088986118947913,1.9590413923210936,256.0,60,5,7,1417,2008
0.0,3.0,0.0,460,5.0,404,338,0.0,864,1,4.190975657485245,1.5563025007672873,0.0,0,6,5,864,1972
495.0,3.0,3.0,236,4.0,0,200,0.0,1111,1,3.9582771255476974,1.7781512503836436,0.0,0,6,5,616,1941
790.0,3.0,1.0,310,0.0,370,420,2.0,1470,1,3.989672247623873,1.8388490907372552,68.0,63,8,6,680,1993
0.0,3.0,1.0,0,0.0,1116,440,0.0,1116,1,4.0,1.9395192526186185,261.0,0,6,6,1116,1962
0.0,2.0,1.0,414,0.0,450,288,0.0,864,0,3.865222456290179,1.7781512503836436,207.0,0,6,6,864,1959
0.0,3.0,1.0,1213,3.0,84,498,2.0,1297,1,3.9310508467773912,1.8692317197309762,650.0,0,6,5,1297,1954
0.0,3.0,1.0,607,1.0,506,264,0.0,1113,0,3.9822712330395684,1.9030899869919435,0.0,80,7,5,1113,1950
0.0,3.0,2.0,679,2.0,811,577,1.0,1501,0,4.0143104809633074,1.8920946026904804,183.0,29,5,7,1490,1999
783.0,3.0,3.0,24,2.0,732,614,0.0,1547,0,3.936513742478893,1.8573324964312685,0.0,45,5,7,756,2009
956.0,3.0,1.0,222,2.0,769,678,1.0,1947,0,4.0987129305788805,2.0,0.0,136,5,7,991,2004
0.0,3.0,0.0,0,0.0,1709,908,1.0,1717,0,4.047119038720181,1.9395192526186185,250.0,39,5,8,1709,2006
0.0,3.0,0.0,504,0.0,506,440,0.0,1052,1,3.94527158150771,1.9030899869919435,80.0,0,7,6,1010,1971
886.0,3.0,0.0,862,0.0,255,455,0.0,2013,1,3.9965116721541785,1.9637878273455553,0.0,130,5,7,1117,1996
0.0,2.0,0.0,0,0.0,1266,388,2.0,1266,0,3.502700175310563,1.6334684555795864,16.0,16,5,7,1266,2007
876.0,4.0,0.0,240,2.0,1752,716,2.0,2868,2,4.205637359479429,1.9294189257142926,208.0,108,5,9,1992,2005
1276.0,4.0,1.0,300,2.0,652,554,2.0,2256,0,3.94423584379348,1.8388490907372552,0.0,54,5,7,952,2000
0.0,3.0,0.0,24,2.0,1390,494,1.0,1414,0,3.943148129358563,1.8129133566428555,98.0,105,5,7,1414,2004
785.0,3.0,1.0,814,2.0,114,471,0.0,1721,0,3.9274730209952757,1.845098040014257,105.0,87,5,6,928,1994
741.0,3.0,1.0,550,1.0,163,434,1.0,1552,1,4.0597526942092985,1.9294189257142926,0.0,208,6,6,713,1975
430.0,2.0,1.0,0,0.0,698,528,1.0,1128,1,3.8750612633917,1.7781512503836436,0.0,0,4,4,698,1920
0.0,3.0,0.0,522,1.0,574,358,2.0,1118,1,3.9947569445876283,1.8808135922807914,0.0,0,6,6,1096,1977
0.0,4.0,2.0,936,3.0,396,574,0.0,1728,1,4.101747073946366,1.7403626894942439,0.0,0,5,6,1728,1976
762.0,4.0,1.0,1361,2.0,88,711,1.0,2448,0,4.668283388723757,1.7160033436347992,528.0,76,7,8,1629,1994
0.0,1.0,2.0,1324,2.0,113,452,0.0,1473,2,4.399587200018075,1.8129133566428555,0.0,48,8,5,1437,1968
530.0,3.0,3.0,902,4.0,254,400,1.0,1717,0,4.138555305113583,1.6434526764861874,117.0,36,5,7,1156,1990
0.0,2.0,2.0,655,2.0,201,400,2.0,1166,0,3.9816827273712856,1.7708520116421442,182.0,0,5,7,856,2005
0.0,2.0,3.0,24,2.0,1346,484,1.0,1370,0,3.8090207204836726,1.6434526764861874,178.0,49,5,8,1370,2006
0.0,3.0,0.0,528,1.0,1152,480,1.0,1724,1,4.252148854818508,1.8388490907372552,359.0,0,5,6,1680,1967
739.0,3.0,1.0,0,0.0,970,380,0.0,1709,0,3.401745082237063,1.380211241711606,50.0,40,5,7,970,2004
0.0,2.0,1.0,358,1.0,125,264,0.0,987,1,3.225309281725863,1.3222192947339193,604.0,0,3,6,483,1971
901.0,4.0,1.0,352,4.0,441,216,0.0,1802,1,3.880127322216625,1.7323937598229686,0.0,0,6,7,793,1920
1175.0,4.0,1.0,503,3.0,449,360,0.0,2345,1,4.219060332448861,1.9030899869919435,0.0,0,8,6,952,1932
0.0,3.0,1.0,663,2.0,396,264,1.0,1068,1,3.9250025076809774,1.845098040014257,0.0,0,8,6,1059,1963
0.0,2.0,1.0,165,4.0,598,533,0.0,1617,0,3.9037409406215384,1.6989700043360187,0.0,69,5,6,1604,1993
0.0,3.0,1.0,777,3.0,467,336,0.0,1244,1,4.078746734273607,1.954242509439325,0.0,40,6,6,1244,1957
0.0,2.0,1.0,0,0.0,700,252,0.0,1180,3,4.064457989226918,1.9030899869919435,0.0,0,5,4,700,1922
623.0,2.0,1.0,0,0.0,600,480,1.0,1223,0,3.4055171069763763,1.380211241711606,0.0,166,5,7,600,2005
0.0,3.0,1.0,625,5.0,0,612,0.0,1686,1,4.010299956639812,1.8976270912904414,157.0,131,6,6,1686,1980
0.0,3.0,2.0,1513,2.0,125,800,1.0,1646,0,3.9786369483844743,1.8512583487190752,338.0,44,5,8,1638,2007
0.0,3.0,1.0,594,5.0,270,264,1.0,1144,1,4.0,1.9030899869919435,0.0,0,6,5,864,1961
858.0,3.0,0.0,0,0.0,939,639,0.0,1797,0,3.965906915495192,1.8976270912904414,0.0,53,5,7,939,2006
0.0,2.0,1.0,0,0.0,0,462,0.0,1224,1,3.993083360698062,1.845098040014257,0.0,0,5,4,0,1962
873.0,3.0,1.0,735,2.0,257,839,0.0,1865,0,4.0135113334659,1.8388490907372552,0.0,184,5,7,992,2000
0.0,3.0,1.0,846,3.0,210,308,1.0,1056,1,3.9125408827906374,1.845098040014257,0.0,0,6,5,1056,1958
1174.0,4.0,1.0,0,0.0,1926,820,2.0,3140,2,4.1309124421074745,2.0170333392987803,860.0,78,5,9,1926,2008
0.0,3.0,0.0,506,1.0,0,492,0.0,1212,1,3.9279346817411795,1.9444826721501687,46.0,12,7,6,506,1977
0.0,3.0,0.0,1369,2.0,317,636,1.0,1694,0,4.0036328370044085,1.8750612633917,186.0,57,5,8,1686,2004
709.0,3.0,0.0,714,2.0,88,413,2.0,1511,1,4.049489371933556,1.845098040014257,0.0,75,5,6,802,1997
0.0,3.0,1.0,731,2.0,326,246,0.0,1057,0,3.8988348380682742,1.8325089127062364,0.0,52,7,5,1057,1953
1044.0,4.0,1.0,0,0.0,777,560,0.0,2290,1,4.054613054556888,1.7781512503836436,0.0,0,6,4,777,1885
806.0,4.0,1.0,1002,2.0,0,786,0.0,2183,0,4.14104194093905,1.8388490907372552,178.0,0,5,7,1204,1988
1523.0,5.0,3.0,1470,2.0,203,594,0.0,3222,0,4.092580300691311,1.954242509439325,0.0,0,5,7,1673,1990
807.0,2.0,1.0,0,0.0,880,512,1.0,1716,0,3.942008053022313,1.845098040014257,0.0,120,5,7,880,1996
0.0,3.0,1.0,251,3.0,491,457,0.0,1342,1,3.9907826918031377,1.8388490907372552,0.0,0,5,6,1372,1967
0.0,2.0,1.0,16,2.0,1330,437,2.0,1504,0,3.502700175310563,1.6334684555795864,14.0,20,5,7,1346,2005
0.0,3.0,1.0,0,0.0,1053,648,1.0,1992,0,3.9719712763997563,1.8750612633917,768.0,45,5,8,1053,2003
628.0,2.0,1.0,510,5.0,90,462,0.0,1252,0,3.3344537511509307,1.380211241711606,212.0,48,5,7,600,1999
0.0,3.0,1.0,588,1.0,411,264,0.0,999,0,3.8897497752640375,1.8388490907372552,0.0,132,7,5,999,1962
622.0,3.0,1.0,0,0.0,622,528,0.0,1363,1,3.8887409606828927,1.7781512503836436,0.0,0,7,4,622,1910
0.0,3.0,2.0,312,3.0,276,490,1.0,1165,1,3.9552065375419416,1.9138138523837167,183.0,129,7,6,1127,1966
0.0,3.0,0.0,1059,2.0,567,702,0.0,1668,0,4.051075307675749,1.954242509439325,215.0,45,5,9,1626,2002
1218.0,4.0,0.0,0,0.0,1158,853,1.0,2376,0,4.152746864026461,2.0043213737826426,380.0,154,5,8,1158,2005
551.0,3.0,1.0,0,0.0,540,352,0.0,1440,1,3.6989700043360187,1.7993405494535817,0.0,0,4,5,540,1900
676.0,3.0,0.0,182,2.0,612,388,2.0,1470,1,4.142045148157744,1.8388490907372552,0.0,75,6,6,794,1997
0.0,3.0,3.0,1201,0.0,340,532,0.0,1541,0,4.085718595165402,1.9777236052888478,226.0,70,5,7,1541,2005
0.0,4.0,1.0,133,1.0,1307,0,0.0,1440,3,4.083072412284535,1.9637878273455553,270.0,0,4,4,1440,1955
0.0,3.0,0.0,786,2.0,82,438,0.0,1146,0,3.9818186071706636,1.863322860120456,442.0,22,5,7,868,2003
0.0,3.0,0.0,437,4.0,0,481,2.0,1494,2,3.9799578933406656,1.4771212547196624,0.0,30,5,8,1494,1995
0.0,4.0,1.0,1170,2.0,292,738,2.0,2224,2,3.9461573949223725,1.8692317197309762,216.0,0,5,9,1462,2004
523.0,3.0,1.0,0,0.0,731,186,0.0,1343,1,3.8854177651109363,1.7323937598229686,0.0,0,6,5,731,1921
1242.0,4.0,1.0,281,0.0,747,683,2.0,2452,0,4.210211471641834,1.8195439355418688,0.0,50,5,8,1028,1998
850.0,4.0,1.0,442,3.0,374,540,1.0,1977,1,3.9777236052888476,2.0,272.0,52,6,6,816,1964
703.0,2.0,1.0,495,2.0,354,504,1.0,1767,0,3.7247672456463103,1.6434526764861874,0.0,35,7,7,1064,1987
0.0,2.0,1.0,863,2.0,461,550,2.0,1324,0,3.795184589682424,1.6812412373755872,176.0,38,5,8,1324,2006
546.0,3.0,1.0,0,0.0,912,330,0.0,1458,1,4.243112492788166,1.8920946026904804,0.0,0,5,6,912,1948
0.0,3.0,1.0,24,2.0,1290,440,1.0,1314,0,3.969276095488932,1.8920946026904804,0.0,22,5,6,1314,2006
0.0,3.0,1.0,430,2.0,1145,529,1.0,1575,0,3.9037409406215384,1.6989700043360187,0.0,0,5,6,1575,1992
0.0,2.0,2.0,1022,2.0,598,912,2.0,1620,2,4.110522372601323,1.9493900066449128,70.0,0,5,9,1620,2007
684.0,5.0,0.0,0,0.0,1104,304,0.0,1788,1,4.051152522447381,1.8388490907372552,0.0,0,5,4,1104,1957
0.0,3.0,2.0,187,4.0,0,240,0.0,913,1,3.9242792860618816,1.845098040014257,0.0,0,5,6,814,1966
0.0,3.0,1.0,790,1.0,589,500,0.0,2073,1,4.119750623884584,1.9294189257142926,119.0,0,6,6,1542,1978
677.0,2.0,1.0,0,0.0,776,492,0.0,1441,0,3.4224256763712044,1.380211241711606,456.0,0,5,8,776,1999
875.0,3.0,1.0,0,0.0,815,225,0.0,1690,1,3.9469432706978256,1.8129133566428555,0.0,0,6,7,815,1916
0.0,3.0,1.0,988,3.0,200,576,0.0,1437,1,4.151523067564944,1.8388490907372552,0.0,0,6,5,1188,1956
0.0,3.0,1.0,297,5.0,1203,508,1.0,2156,1,4.317666442356502,1.8388490907372552,0.0,80,7,7,1568,1968
0.0,2.0,1.0,468,3.0,396,0,0.0,864,1,3.748498126613737,1.8260748027008264,0.0,0,6,5,864,1925
576.0,3.0,1.0,129,3.0,175,336,0.0,1112,1,3.413634997198556,1.5563025007672873,0.0,0,3,5,536,1976
1121.0,4.0,1.0,700,1.0,0,746,1.0,2243,0,4.12949654301666,2.0644579892269186,246.0,44,5,7,700,1990
518.0,3.0,1.0,0,0.0,686,210,0.0,1328,1,3.995898323646437,1.7558748556724915,0.0,172,4,4,686,1925
0.0,4.0,1.0,0,0.0,656,216,0.0,968,1,4.033423755486949,1.7781512503836436,0.0,0,6,4,656,1927
698.0,3.0,1.0,0,0.0,698,384,0.0,1396,1,3.9410142437055695,1.7781512503836436,0.0,0,7,6,698,1915
0.0,1.0,0.0,1445,2.0,411,834,2.0,1856,2,4.056676215120661,1.9444826721501687,350.0,0,2,9,1856,2010
551.0,3.0,1.0,1288,2.0,294,789,2.0,2161,2,4.023746163152476,1.9344984512435677,300.0,120,5,8,1582,2007
0.0,3.0,1.0,1246,1.0,356,529,2.0,1602,0,4.221022805204841,1.8388490907372552,126.0,0,7,6,1602,1977
672.0,3.0,1.0,0,0.0,630,280,0.0,1302,1,3.225309281725863,1.3222192947339193,142.0,0,5,5,630,1971
702.0,3.0,1.0,457,2.0,326,393,2.0,1509,0,3.8954777962757148,1.8388490907372552,0.0,75,5,6,783,2002
0.0,2.0,1.0,737,1.0,175,352,0.0,912,1,4.112873001840459,1.8388490907372552,0.0,0,6,5,912,1962
0.0,3.0,1.0,399,1.0,605,420,0.0,1664,1,3.6989700043360187,1.6989700043360187,0.0,24,7,6,1004,1947
304.0,4.0,1.0,423,3.0,758,576,0.0,1694,1,3.9242792860618816,1.7781512503836436,0.0,0,5,6,1181,1925
0.0,2.0,1.0,0,0.0,747,220,0.0,747,1,3.6635124704151556,1.6720978579357175,0.0,0,6,4,747,1945
0.0,2.0,1.0,0,0.0,0,420,0.0,1040,1,3.8573324964312685,1.7781512503836436,0.0,29,5,4,0,1950
829.0,3.0,1.0,0,0.0,831,493,1.0,1660,0,3.951094556841663,1.8325089127062364,95.0,68,5,7,831,2002
665.0,3.0,1.0,218,4.0,808,308,0.0,1691,0,3.6989700043360187,1.6989700043360187,0.0,0,6,5,1026,1924
0.0,3.0,1.0,398,1.0,317,720,1.0,864,0,3.8573324964312685,1.7781512503836436,0.0,0,8,5,864,1950
0.0,2.0,1.0,623,1.0,0,264,0.0,752,1,3.85582190540603,1.6989700043360187,0.0,0,5,6,744,1984
829.0,3.0,1.0,361,2.0,602,564,1.0,1792,0,4.094645789605955,1.9030899869919435,172.0,96,5,7,963,2001
862.0,2.0,1.0,0,0.0,764,474,1.0,1626,0,3.419625360887743,1.5563025007672873,106.0,27,5,7,764,2003
0.0,3.0,0.0,428,2.0,1048,472,1.0,1484,2,3.9560242822806773,1.806179973983887,32.0,33,5,8,1476,2006
1818.0,3.0,1.0,0,0.0,1470,870,0.0,3493,0,4.264487255780689,1.9395192526186185,0.0,0,9,7,1470,1880
0.0,2.0,1.0,1572,2.0,80,840,2.0,1652,2,4.11968469182405,2.03342375548695,300.0,102,5,9,1652,2006
0.0,3.0,1.0,0,0.0,1276,350,0.0,1276,1,3.9809573162296203,1.8325089127062364,0.0,0,3,5,1276,1958
0.0,3.0,1.0,120,5.0,736,271,0.0,1668,1,3.9822712330395684,1.9030899869919435,0.0,0,8,6,856,1950
472.0,4.0,1.0,0,0.0,720,0,0.0,1192,1,4.033423755486949,1.7781512503836436,0.0,0,4,4,720,1949
0.0,2.0,0.0,747,1.0,0,504,1.0,884,0,3.9628426812012423,1.8388490907372552,0.0,0,7,5,840,1983
0.0,3.0,2.0,1065,2.0,92,454,0.0,2062,1,4.157275396454035,1.8388490907372552,128.0,55,5,7,1157,1988
0.0,2.0,1.0,0,0.0,0,392,0.0,827,1,3.8573324964312685,1.7781512503836436,0.0,0,7,5,0,1955
883.0,3.0,1.0,0,0.0,728,532,0.0,2019,0,4.057437868212939,1.7781512503836436,0.0,135,8,7,728,1910
688.0,3.0,3.0,0,0.0,264,336,2.0,1304,1,3.425697213362591,1.8388490907372552,0.0,24,6,5,264,1976
684.0,3.0,1.0,0,0.0,684,216,0.0,1368,1,3.5563025007672873,1.7781512503836436,0.0,158,7,6,684,1910
765.0,3.0,1.0,0,0.0,840,379,0.0,1605,1,3.762678563727436,1.7781512503836436,0.0,0,6,3,840,1915
0.0,3.0,1.0,1436,2.0,570,900,2.0,2020,2,4.087071205906535,1.9731278535996986,305.0,54,5,10,2006,2009
625.0,2.0,1.0,0,0.0,625,528,1.0,1250,0,3.628491104967123,1.5440680443502757,0.0,54,5,7,625,2006
0.0,2.0,1.0,1456,2.0,168,757,1.0,1624,0,4.095552896019402,1.9493900066449128,0.0,114,5,8,1624,1994
0.0,2.0,1.0,565,1.0,280,360,0.0,845,1,3.8807564445102103,1.8388490907372552,0.0,0,6,4,845,1982
0.0,2.0,0.0,1071,1.0,195,418,1.0,1389,1,4.000434077479318,1.8864907251724818,0.0,38,5,5,1389,1974
0.0,2.0,1.0,0,0.0,968,480,0.0,968,1,3.9304395947667,1.7781512503836436,0.0,0,6,5,968,1923
546.0,3.0,1.0,0,0.0,546,286,0.0,1092,1,3.3012470886362113,1.3222192947339193,80.0,0,5,4,546,1970
0.0,1.0,0.0,685,2.0,163,420,2.0,848,0,3.646893624167745,1.8388490907372552,170.0,0,5,6,848,2003
0.0,3.0,1.0,374,5.0,363,308,0.0,1269,1,3.8993279498776543,1.845098040014257,0.0,0,6,5,1269,1960
0.0,3.0,1.0,170,4.0,252,288,0.0,1092,1,4.065056603356019,1.8388490907372552,116.0,20,5,5,1092,1962
795.0,3.0,1.0,795,1.0,0,539,2.0,2263,0,4.221648928192229,1.8388490907372552,34.0,250,7,7,795,1977
0.0,2.0,1.0,228,1.0,724,283,0.0,952,1,3.9281397068751196,1.8388490907372552,0.0,0,7,4,952,1956
716.0,2.0,1.0,0,0.0,736,0,0.0,1452,1,3.6489451821656727,1.5185139398778875,0.0,0,5,4,736,1920
0.0,3.0,3.0,841,5.0,198,504,0.0,1039,1,4.065392961561992,1.8750612633917,0.0,0,4,5,1039,1965
0.0,2.0,1.0,866,2.0,338,412,0.0,1204,1,3.6532125137753435,1.505149978319906,320.0,247,5,6,1204,1998
0.0,3.0,0.0,422,1.0,480,672,0.0,1117,1,3.893151213129866,1.9731278535996986,0.0,0,5,6,1029,1976
0.0,3.0,3.0,485,1.0,1496,701,1.0,2196,0,4.166844375831949,1.954242509439325,234.0,70,7,7,2158,1990
0.0,3.0,0.0,595,2.0,390,328,0.0,985,1,3.9235030669421045,1.8129133566428555,220.0,0,8,5,985,1977
0.0,3.0,1.0,1124,2.0,1603,880,0.0,1629,0,4.027553454050221,1.9294189257142926,296.0,0,5,8,3206,2003
600.0,3.0,1.0,0,0.0,861,216,0.0,1477,1,3.7987887139512493,1.7160033436347992,0.0,50,7,7,861,1928
0.0,3.0,1.0,560,5.0,420,484,0.0,980,1,3.8490506905695123,1.8512583487190752,153.0,0,6,5,980,1977
1129.0,4.0,1.0,728,2.0,367,590,1.0,2295,0,4.125351120514752,1.8388490907372552,0.0,40,5,7,1095,1992
602.0,3.0,1.0,0,0.0,602,180,0.0,1502,0,4.024977972095625,1.7403626894942439,0.0,0,7,6,602,1923
626.0,4.0,0.0,0,0.0,697,432,0.0,2201,0,4.294245716138118,1.8388490907372552,0.0,236,7,6,697,1966
1028.0,3.0,1.0,789,2.0,245,836,2.0,2078,2,4.033423755486949,1.9294189257142926,100.0,102,5,8,1034,2007
0.0,1.0,1.0,0,0.0,264,0,0.0,800,3,3.7867514221455614,1.7075701760979363,0.0,0,3,2,264,1936
0.0,3.0,1.0,0,0.0,1573,840,0.0,1578,2,3.9667047766578745,1.8920946026904804,194.0,36,5,8,1573,2008
0.0,2.0,0.0,1336,2.0,596,774,2.0,1932,2,4.0949600024366655,1.9822712330395684,426.0,66,5,8,1932,2008
0.0,4.0,1.0,666,1.0,409,404,0.0,1507,1,3.8981764834976764,1.845098040014257,0.0,0,5,5,1075,1960
0.0,3.0,1.0,450,5.0,432,280,0.0,900,1,3.9920672600276665,1.8388490907372552,31.0,0,5,5,882,1967
0.0,3.0,2.0,1172,2.0,528,786,2.0,1718,2,4.095378599560064,1.9822712330395684,230.0,48,5,10,1700,2006
661.0,3.0,1.0,0,0.0,636,240,0.0,1750,2,3.9542425094393248,1.6989700043360187,0.0,0,6,5,636,1880
1015.0,3.0,1.0,719,0.0,660,834,2.0,2398,0,4.071403283531469,1.9777236052888478,594.0,60,5,7,1379,1996
1194.0,4.0,1.0,0,0.0,774,680,2.0,1968,2,4.07928980609866,1.9637878273455553,84.0,75,5,8,774,2009
0.0,3.0,0.0,810,2.0,726,532,1.0,1536,0,3.9607085516885565,1.845098040014257,113.0,74,5,7,1536,2002
0.0,2.0,1.0,203,3.0,661,200,0.0,864,1,3.9144489406985543,1.6532125137753437,0.0,0,3,3,864,1914
0.0,3.0,1.0,1231,2.0,1969,546,0.0,3228,0,4.103530063428375,1.8388490907372552,0.0,75,5,8,3200,1992
631.0,1.0,1.0,1351,2.0,83,670,1.0,2149,0,4.107955772547713,1.6812412373755872,0.0,43,5,7,1434,2003
1320.0,4.0,1.0,0,0.0,1240,864,0.0,2640,0,4.068185861746161,1.8129133566428555,0.0,0,7,7,1240,1880
0.0,3.0,1.0,0,0.0,1304,530,0.0,1682,1,4.017033339298781,1.9030899869919435,288.0,0,6,7,1304,1970
1060.0,3.0,3.0,0,0.0,1030,878,1.0,2098,2,4.010299956639812,1.9030899869919435,178.0,52,5,8,1030,2005
0.0,3.0,1.0,553,3.0,0,360,0.0,864,1,3.9180827846421873,1.7781512503836436,0.0,0,5,5,864,1965
800.0,3.0,0.0,562,0.0,29,530,1.0,1968,1,4.044343734895107,1.8388490907372552,232.0,189,4,5,784,1969
0.0,3.0,1.0,338,2.0,702,480,0.0,1097,1,3.9855162878527155,1.9084850188786497,0.0,0,5,6,1040,1984
512.0,3.0,3.0,0,0.0,684,528,0.0,1196,0,4.091807597001675,1.8260748027008264,0.0,46,8,6,684,1920
668.0,4.0,1.0,57,1.0,554,451,0.0,1920,0,4.135132651376775,1.8388490907372552,0.0,0,5,5,1052,1958
0.0,6.0,1.0,231,4.0,1497,576,0.0,1728,1,4.117304446641002,1.8692317197309762,108.0,0,5,5,1728,1965
903.0,3.0,1.0,804,2.0,324,577,0.0,2031,0,3.97648753730519,1.8750612633917,0.0,211,5,8,1128,2002
0.0,2.0,1.0,616,4.0,580,297,1.0,1196,1,3.9542425094393248,1.8573324964312685,74.0,44,5,6,1196,1956
0.0,2.0,0.0,116,5.0,604,360,0.0,803,1,3.6989700043360187,1.6989700043360187,0.0,0,6,5,720,1941
840.0,4.0,1.0,493,3.0,0,462,2.0,1620,1,4.033142177060625,1.9030899869919435,263.0,0,5,5,780,1969
0.0,1.0,3.0,1721,0.0,356,1134,2.0,2097,2,4.32006315959498,1.6901960800285136,0.0,267,5,8,2077,2005
0.0,2.0,1.0,0,0.0,1869,617,1.0,1869,2,3.893206753059848,1.8325089127062364,362.0,54,5,9,1869,2007
930.0,3.0,1.0,0,0.0,930,431,2.0,1886,0,4.049760551762476,1.8388490907372552,0.0,0,5,7,930,1998
0.0,3.0,0.0,50,5.0,430,308,0.0,480,1,3.9542425094393248,1.6989700043360187,0.0,0,3,2,480,1949
0.0,2.0,1.0,0,0.0,0,516,0.0,1296,1,4.0330616925381735,1.8573324964312685,0.0,0,5,4,0,1967
0.0,2.0,3.0,690,1.0,126,288,0.0,816,1,3.9482662198802956,1.8260748027008264,0.0,0,6,4,816,1938
0.0,3.0,1.0,704,1.0,567,478,1.0,1601,1,4.074816440645175,1.9138138523837167,206.0,0,5,7,1271,1978
830.0,3.0,1.0,0,0.0,936,451,2.0,1792,1,4.011189687609991,1.968482948553935,318.0,0,5,6,936,2000
1168.0,5.0,1.0,1012,2.0,326,796,1.0,2520,0,4.162594274442422,1.8388490907372552,0.0,55,7,8,1338,1993
0.0,3.0,0.0,748,0.0,102,796,1.0,1144,1,3.9118497964994203,1.845098040014257,128.0,0,6,5,1144,1959
1611.0,4.0,1.0,0,0.0,612,621,1.0,2601,1,3.993083360698062,1.7075701760979363,0.0,0,6,5,612,1921
605.0,3.0,1.0,0,0.0,972,312,0.0,1577,3,3.8085485512404054,1.8129133566428555,0.0,0,5,6,972,1939
0.0,2.0,1.0,630,2.0,340,624,0.0,970,1,3.9283958522567137,1.9030899869919435,0.0,24,6,5,970,1963
0.0,3.0,2.0,1236,1.0,80,513,1.0,2036,1,5.332933071867248,2.1760912590556813,0.0,0,5,7,2136,1965
0.0,3.0,1.0,439,2.0,115,440,1.0,1026,0,3.8992731873176036,1.7853298350107671,0.0,48,8,6,1026,1969
0.0,2.0,1.0,0,0.0,698,0,0.0,698,1,3.9733587998863977,1.6989700043360187,0.0,200,9,5,698,1947
0.0,2.0,2.0,655,1.0,878,576,0.0,1533,0,4.849793961764723,1.792391689498254,0.0,54,5,7,1533,1975
0.0,2.0,1.0,360,3.0,360,660,0.0,1382,1,4.0919481908785595,1.8388490907372552,0.0,0,6,5,720,1941
0.0,2.0,3.0,16,0.0,1375,530,0.0,1391,0,3.6316466629584196,1.7708520116421442,0.0,158,5,7,1391,2004
0.0,2.0,3.0,49,0.0,0,240,0.0,1078,0,3.9875322027298394,1.8325089127062364,0.0,0,6,5,1078,1950
0.0,2.0,1.0,1005,2.0,262,471,2.0,1296,0,3.8358807318173946,1.8388490907372552,136.0,25,5,8,1267,2001
0.0,4.0,1.0,608,3.0,834,301,1.0,1442,1,3.989004615698537,1.8750612633917,243.0,0,6,6,1442,1958
940.0,4.0,0.0,0,0.0,940,0,0.0,1964,1,3.9306943876645355,1.7403626894942439,0.0,192,6,5,940,1911
0.0,3.0,1.0,0,0.0,1502,644,1.0,1502,0,3.9795938958489305,1.8976270912904414,268.0,114,5,7,1502,2009
0.0,3.0,1.0,1040,3.0,352,458,1.0,1392,1,4.075546961392531,1.9030899869919435,387.0,0,5,6,1392,1957
0.0,4.0,1.0,0,0.0,1768,0,0.0,1768,1,4.032538179260007,1.8573324964312685,0.0,0,5,4,1768,1968
0.0,4.0,0.0,812,3.0,812,390,0.0,1582,1,4.562292864456475,1.8388490907372552,621.0,198,5,5,1624,1964
0.0,2.0,3.0,498,5.0,460,301,1.0,958,1,4.106258909867408,1.8388490907372552,0.0,0,8,6,958,1960
0.0,2.0,0.0,777,3.0,117,600,1.0,894,1,3.8573324964312685,1.7781512503836436,0.0,0,5,5,894,1972
0.0,2.0,1.0,883,2.0,341,402,2.0,1224,1,3.6532125137753435,1.8388490907372552,425.0,304,5,6,1224,1999
590.0,3.0,0.0,1280,2.0,402,846,2.0,2332,2,4.096005739715113,1.9822712330395684,272.0,134,5,10,1682,2007
0.0,2.0,1.0,24,2.0,1232,430,2.0,1269,0,3.502700175310563,1.6334684555795864,16.0,20,5,8,1256,2004
0.0,3.0,2.0,80,2.0,1652,712,2.0,1776,0,4.1848617089934335,1.968482948553935,100.0,0,5,8,1732,2006
728.0,3.0,1.0,0,0.0,728,390,2.0,1456,0,3.927421695050419,1.8129133566428555,0.0,24,5,6,728,2005
0.0,3.0,3.0,655,1.0,0,539,2.0,1194,1,3.949877704036875,1.8976270912904414,0.0,0,6,6,655,1959
0.0,2.0,1.0,643,5.0,365,240,0.0,1008,0,3.9505108929859967,1.8195439355418688,0.0,18,7,5,1008,1953
0.0,2.0,0.0,16,2.0,1357,430,2.0,1555,0,3.502700175310563,1.6334684555795864,16.0,20,5,7,1373,2005
892.0,4.0,3.0,0,0.0,747,180,0.0,1784,1,4.118330874057302,1.9822712330395684,0.0,40,5,5,747,1914
0.0,3.0,1.0,0,0.0,637,280,0.0,1108,0,3.8720979742742268,1.7558748556724915,0.0,0,7,7,637,1930
640.0,3.0,1.0,0,0.0,384,400,2.0,1394,0,3.9883359558560505,1.863322860120456,0.0,0,5,5,384,2006
734.0,3.0,1.0,394,0.0,586,496,0.0,1714,1,4.017909395896689,1.9030899869919435,42.0,66,5,7,980,1988
0.0,3.0,1.0,0,0.0,0,294,1.0,882,1,3.9211139738366807,1.8388490907372552,0.0,0,7,5,0,1959
0.0,3.0,1.0,0,0.0,728,0,0.0,1306,3,3.7283537820212285,1.7403626894942439,0.0,0,2,3,728,1940
591.0,3.0,1.0,0,0.0,626,288,1.0,1217,1,4.031892987710475,1.8750612633917,0.0,28,6,6,626,1980
0.0,3.0,1.0,495,2.0,495,299,0.0,990,1,3.943247125137862,1.8129133566428555,0.0,64,5,5,990,1994
1320.0,4.0,0.0,0,0.0,1117,691,0.0,2452,0,4.12768778753985,2.03342375548695,132.0,32,5,8,1117,2004
0.0,1.0,0.0,685,2.0,163,420,0.0,848,0,3.646893624167745,1.8388490907372552,170.0,0,5,6,848,2003
672.0,3.0,1.0,551,5.0,121,300,0.0,1369,1,3.8214480190175304,1.7323937598229686,0.0,0,6,6,672,1925
0.0,2.0,1.0,27,2.0,1191,676,2.0,1218,0,3.8955330394840706,1.8750612633917,0.0,102,5,6,1218,2009
748.0,3.0,1.0,0,0.0,588,672,2.0,2555,1,4.061678615245337,1.8976270912904414,0.0,0,7,6,588,1922
0.0,1.0,1.0,1039,2.0,208,550,2.0,1247,0,3.520614521878236,1.568201724066995,0.0,84,5,8,1247,2005
1330.0,4.0,1.0,896,1.0,434,619,2.0,2872,1,4.087319912206401,1.8388490907372552,424.0,282,7,6,1330,1977
0.0,2.0,2.0,1480,2.0,120,482,0.0,1652,0,3.7471786713601642,1.806179973983887,186.0,53,5,8,1600,2008
0.0,3.0,1.0,705,5.0,1139,546,1.0,1844,1,4.070074826267528,2.0211892990699383,480.0,122,6,6,1844,1977
858.0,3.0,3.0,341,2.0,772,689,1.0,1971,0,3.985650973690949,1.8750612633917,0.0,48,5,7,1113,2005
793.0,3.0,1.0,0,0.0,982,463,2.0,1800,1,3.9097164532343447,1.7781512503836436,16.0,63,5,6,982,2000
887.0,3.0,1.0,750,2.0,300,574,2.0,1949,0,3.997298992409514,1.9030899869919435,246.0,90,5,7,1050,1993
0.0,1.0,0.0,150,4.0,0,0,0.0,630,1,3.1734776434529945,1.3222192947339193,0.0,24,6,4,630,1972
0.0,3.0,3.0,922,2.0,572,530,1.0,1494,0,4.107311745490674,1.9444826721501687,99.0,36,5,7,1494,2002
0.0,3.0,1.0,0,0.0,600,0,0.0,968,1,3.7726883546821415,1.6989700043360187,0.0,0,6,3,600,1910
0.0,3.0,1.0,925,2.0,349,508,0.0,1274,0,3.9451730461739003,1.8325089127062364,80.0,98,5,7,1274,2005
0.0,3.0,0.0,674,5.0,350,364,1.0,1520,1,3.9822712330395684,1.9030899869919435,164.0,0,6,6,1156,1955
0.0,3.0,1.0,0,0.0,660,528,1.0,1285,1,3.91365493508662,1.8512583487190752,148.0,0,5,6,660,1977
702.0,3.0,1.0,0,0.0,783,393,2.0,1509,0,3.896250562461638,1.7993405494535817,0.0,75,5,7,783,2003
793.0,3.0,1.0,0,0.0,793,550,1.0,1935,1,4.092860943338818,1.8388490907372552,233.0,113,7,7,793,1976
0.0,3.0,0.0,816,2.0,0,0,0.0,816,1,4.073388381115178,1.9084850188786497,104.0,32,5,6,816,1990
0.0,2.0,1.0,833,0.0,343,555,1.0,1200,0,4.00358976718914,1.8260748027008264,0.0,41,5,7,1176,2003
0.0,4.0,1.0,0,0.0,941,548,0.0,1470,1,3.91232835796041,1.7781512503836436,0.0,0,6,4,941,1954
0.0,3.0,2.0,639,5.0,441,528,2.0,1656,1,4.502017214827148,2.1492191126553797,112.0,62,5,6,1080,1960
0.0,2.0,1.0,0,0.0,768,240,0.0,792,0,3.9553028227616918,1.7160033436347992,0.0,0,8,5,768,1924
0.0,3.0,1.0,0,0.0,1694,818,2.0,1694,0,4.080265627339845,1.968482948553935,254.0,228,5,8,1694,2007
0.0,3.0,2.0,1274,2.0,526,765,2.0,1800,0,4.1562764960030165,1.9294189257142926,630.0,78,5,8,1800,2002
915.0,5.0,1.0,0,0.0,662,560,0.0,2337,1,4.133538908370218,1.9294189257142926,0.0,57,5,5,662,1900
678.0,3.0,3.0,196,3.0,844,315,0.0,1846,1,4.0210238220315855,1.8920946026904804,320.0,0,6,6,1040,1949
0.0,3.0,2.0,505,2.0,0,576,0.0,1026,1,4.040206627574711,1.8388490907372552,0.0,0,6,6,940,1978
0.0,3.0,1.0,0,0.0,876,408,0.0,904,1,3.855034316675884,1.8388490907372552,41.0,0,7,5,876,1966
0.0,3.0,1.0,936,1.0,190,484,1.0,1126,1,4.2405492482825995,1.9030899869919435,0.0,41,5,5,1126,1977
1332.0,4.0,0.0,970,2.0,166,872,0.0,2468,0,4.082749476727281,1.99563519459755,388.0,154,5,8,1136,2004
0.0,1.0,2.0,938,1.0,0,540,0.0,988,1,4.331488032760532,1.8388490907372552,0.0,130,5,6,938,1969
0.0,3.0,0.0,1016,0.0,36,288,1.0,1052,1,3.9242792860618816,1.845098040014257,168.0,0,5,5,1052,1968
524.0,2.0,1.0,0,0.0,572,0,0.0,1096,1,3.9822712330395684,1.7781512503836436,0.0,8,5,6,572,1924
0.0,3.0,1.0,0,0.0,1141,484,0.0,1141,1,4.11634203918834,1.7993405494535817,0.0,0,5,6,1141,2005
778.0,4.0,1.0,247,3.0,485,484,1.0,1790,1,4.017033339298781,1.9030899869919435,288.0,0,5,6,732,1972
848.0,3.0,3.0,668,2.0,336,660,2.0,1852,0,3.957415714722669,1.863322860120456,320.0,106,5,8,1004,1999
0.0,2.0,0.0,490,2.0,30,0,0.0,754,1,3.8312296938670634,1.7781512503836436,0.0,0,8,6,520,1935
720.0,4.0,1.0,0,0.0,624,513,0.0,1344,1,3.6600112212893308,1.5314789170422551,0.0,0,5,5,624,1916
0.0,3.0,2.0,912,2.0,1035,576,1.0,2207,1,4.298853076409706,1.8388490907372552,287.0,0,5,7,1947,1970
1051.0,5.0,1.0,0,0.0,907,360,0.0,2358,1,4.658964842664435,1.8750612633917,0.0,40,8,6,907,1908
1540.0,4.0,1.0,575,2.0,487,831,2.0,2715,0,3.9524533964230333,1.8388490907372552,289.0,204,9,8,1142,1976
0.0,2.0,0.0,659,2.0,705,484,1.0,1364,0,3.8483123036272846,1.6334684555795864,240.0,36,5,7,1364,2005
0.0,3.0,1.0,0,0.0,1237,402,2.0,1253,1,3.896250562461638,1.7993405494535817,38.0,21,5,7,1237,1995
0.0,3.0,1.0,569,1.0,678,528,0.0,1328,1,3.9907826918031377,1.8388490907372552,451.0,26,5,6,1328,1963
0.0,3.0,1.0,0,0.0,978,286,1.0,1422,1,4.091385542078368,1.8388490907372552,0.0,0,5,5,978,1960
800.0,3.0,1.0,454,5.0,314,486,0.0,1986,1,4.133538908370218,1.9294189257142926,176.0,42,6,7,768,1965
0.0,2.0,1.0,0,0.0,952,192,0.0,952,3,3.947139517642829,1.8388490907372552,0.0,98,6,6,952,1916
0.0,3.0,3.0,1220,2.0,440,500,1.0,1660,0,4.007833092701319,1.9294189257142926,420.0,50,5,8,1660,2006
0.0,1.0,1.0,1904,2.0,312,1166,2.0,2234,2,4.24112293662285,1.7993405494535817,748.0,60,5,9,2216,2008
0.0,2.0,3.0,384,0.0,384,160,0.0,790,1,3.7987887139512493,1.7160033436347992,0.0,141,5,6,768,1930
0.0,3.0,0.0,24,2.0,1316,396,2.0,1340,0,3.949341206770497,1.863322860120456,0.0,30,5,7,1340,2007
0.0,3.0,3.0,1200,1.0,410,480,1.0,1610,0,4.025428761407241,1.8388490907372552,28.0,68,7,6,1610,1977
1259.0,4.0,1.0,498,2.0,652,600,1.0,2620,1,4.2762319579218335,1.8388490907372552,1.0,24,5,5,1361,1977
0.0,2.0,0.0,16,2.0,1232,438,2.0,1248,0,3.4785664955938436,1.6334684555795864,16.0,0,5,7,1248,2005
0.0,3.0,3.0,832,2.0,80,288,0.0,912,0,3.8304603500309673,1.8129133566428555,0.0,0,8,6,912,1961
0.0,3.0,2.0,828,2.0,115,472,2.0,1638,1,3.9562645026982755,1.7708520116421442,0.0,38,5,6,943,1998
0.0,3.0,0.0,1159,5.0,90,1356,2.0,1622,1,4.511388651757688,1.8388490907372552,149.0,0,4,4,1249,1961
884.0,3.0,1.0,774,1.0,104,180,0.0,2320,0,3.8608767964032977,1.7853298350107671,0.0,0,8,6,1028,1945
0.0,3.0,1.0,572,3.0,572,456,0.0,1144,1,3.896250562461638,1.8750612633917,136.0,0,6,5,1144,1961
672.0,3.0,1.0,182,3.0,611,281,0.0,1520,1,3.6532125137753435,1.7403626894942439,0.0,0,5,5,793,1932
0.0,3.0,1.0,196,3.0,975,472,1.0,1516,1,4.000173683058465,2.0,180.0,0,6,6,1516,1964
0.0,2.0,3.0,0,0.0,1498,675,0.0,1498,0,3.9537596917332287,1.863322860120456,0.0,33,5,7,1498,2006
1157.0,3.0,1.0,690,1.0,114,560,2.0,1961,0,4.086680093734625,1.8512583487190752,0.0,192,5,6,804,2001
728.0,3.0,1.0,0,0.0,728,440,2.0,1456,0,4.045440339814774,1.9294189257142926,0.0,0,5,7,728,2006
1196.0,3.0,3.0,0,0.0,1032,349,0.0,2403,1,4.381836799998343,1.8388490907372552,0.0,0,7,7,1032,1940
0.0,3.0,2.0,1274,0.0,622,708,2.0,1944,2,4.092650478356795,1.954242509439325,0.0,175,5,9,1896,2003
0.0,2.0,1.0,0,0.0,1368,474,1.0,1368,0,3.8422971343280654,1.6812412373755872,94.0,35,5,7,1368,2005
908.0,3.0,1.0,633,2.0,240,588,1.0,1790,0,3.962795369857233,1.8325089127062364,158.0,88,5,7,873,1999
1237.0,3.0,0.0,1330,2.0,122,858,2.0,2713,2,4.1745830891776,1.8260748027008264,268.0,66,5,9,1452,2008
551.0,3.0,1.0,0,0.0,720,312,0.0,1271,1,4.328094057815027,2.060697840353612,0.0,0,5,5,720,1948
0.0,3.0,0.0,929,2.0,916,604,0.0,1872,1,4.017033339298781,1.9030899869919435,102.0,39,5,7,1845,1988
900.0,3.0,3.0,828,2.0,180,577,2.0,2090,0,3.7043221408222355,1.8388490907372552,0.0,0,5,7,1190,1984
914.0,3.0,3.0,706,2.0,88,546,1.0,1796,1,3.9791384695468097,1.8388490907372552,0.0,36,5,6,794,1998
0.0,3.0,0.0,0,0.0,1302,436,2.0,1302,0,3.95390459341346,1.863322860120456,0.0,22,5,7,1302,2007
0.0,4.0,1.0,1104,1.0,1420,542,2.0,2524,0,3.9822712330395684,1.9030899869919435,0.0,120,5,8,2524,1981
534.0,2.0,1.0,315,1.0,420,338,2.0,1374,1,3.7323937598229686,1.954242509439325,0.0,0,6,4,840,1920
862.0,2.0,1.0,567,2.0,197,474,1.0,1626,0,3.355643050220869,1.5563025007672873,106.0,27,5,7,764,2003
299.0,2.0,1.0,0,0.0,735,240,0.0,1034,1,4.005780899954653,1.7781512503836436,0.0,39,6,5,735,1940
0.0,1.0,2.0,1218,2.0,300,588,1.0,1518,2,4.103016490328315,1.792391689498254,472.0,140,5,8,1518,2003
592.0,4.0,1.0,224,4.0,816,240,0.0,1818,1,3.8897497752640375,1.8388490907372552,600.0,0,4,7,1040,1931
0.0,3.0,1.0,0,0.0,1649,598,1.0,1661,0,4.084111351940677,1.6812412373755872,442.0,34,5,7,1649,1998
895.0,3.0,3.0,297,3.0,0,432,0.0,1991,1,4.052116550549998,1.8388490907372552,480.0,0,7,6,854,1932
650.0,3.0,1.0,624,1.0,26,324,0.0,1482,1,3.9542425094393248,1.6989700043360187,0.0,0,9,7,650,1920
0.0,2.0,2.0,1148,2.0,594,564,1.0,1742,0,3.8171024042569233,1.8388490907372552,0.0,28,5,8,1742,1985
564.0,3.0,1.0,0,0.0,686,280,0.0,1250,3,3.91634865227546,1.6532125137753437,0.0,0,7,5,686,1918
0.0,3.0,1.0,0,0.0,816,528,0.0,1176,1,3.795184589682424,1.7160033436347992,0.0,0,6,6,816,1934
988.0,3.0,3.0,789,2.0,119,506,2.0,1915,0,4.00177696707744,1.9030899869919435,0.0,150,5,8,908,1992
403.0,2.0,1.0,388,4.0,552,240,0.0,1595,1,3.9242792860618816,1.7781512503836436,0.0,0,5,6,940,1940
0.0,3.0,0.0,831,5.0,161,377,1.0,1661,0,3.9822712330395684,1.9030899869919435,0.0,28,6,6,992,1955
1103.0,3.0,1.0,544,2.0,288,552,2.0,1935,1,3.903307079964174,1.8750612633917,110.0,150,5,8,832,2009
0.0,3.0,1.0,0,0.0,1777,534,1.0,1795,0,3.988648125235751,1.8750612633917,281.0,159,5,8,1777,2002
1081.0,4.0,1.0,0,0.0,847,434,2.0,1928,0,3.9138138523837167,1.8129133566428555,0.0,48,5,7,847,2003
0.0,3.0,1.0,673,5.0,378,336,0.0,1159,1,4.062694773342393,1.8388490907372552,188.0,0,5,5,1051,1968
601.0,3.0,1.0,311,0.0,544,440,0.0,1456,1,3.357934847000454,1.380211241711606,0.0,0,5,6,855,1978
817.0,3.0,1.0,341,5.0,457,431,0.0,1954,0,4.194791757721925,1.8388490907372552,312.0,119,9,7,798,1939
0.0,2.0,2.0,1460,2.0,408,880,1.0,2028,0,4.058539897939781,1.9444826721501687,208.0,66,5,8,1868,2005
0.0,2.0,0.0,1165,1.0,0,665,2.0,2898,0,4.1902756565569605,1.8388490907372552,0.0,72,6,8,1565,1976
860.0,3.0,1.0,533,2.0,281,663,1.0,1674,0,3.8750612633917,1.8388490907372552,0.0,96,5,7,814,2000
0.0,3.0,3.0,212,5.0,762,0,0.0,974,1,4.029870564003953,1.7993405494535817,0.0,28,5,5,974,1991
898.0,3.0,3.0,932,2.0,133,586,2.0,1989,0,4.055645859994655,1.954242509439325,210.0,60,5,8,1065,2002
1017.0,3.0,1.0,50,5.0,499,678,0.0,2097,0,4.050302403962402,1.7708520116421442,0.0,187,5,7,1080,1993
0.0,3.0,1.0,0,0.0,1424,500,0.0,1442,1,4.073754998123192,1.99563519459755,0.0,34,5,7,1424,1990
0.0,2.0,1.0,821,0.0,299,720,0.0,1130,1,4.033423755486949,1.7781512503836436,0.0,0,6,5,1120,1920
687.0,4.0,1.0,329,3.0,697,240,0.0,1820,1,3.959994838328416,1.7781512503836436,0.0,100,6,7,1026,1925
741.0,3.0,1.0,0,0.0,689,583,0.0,2119,1,4.019033163930999,1.8388490907372552,333.0,104,6,6,689,1972
1312.0,4.0,1.0,0,0.0,1234,666,2.0,2576,2,4.094750552477504,1.9138138523837167,466.0,100,5,8,1234,2006
240.0,2.0,1.0,0,0.0,780,0,0.0,1020,1,3.80222623769107,1.7323937598229686,0.0,0,8,5,780,1875
679.0,4.0,1.0,0,0.0,1095,779,0.0,1774,1,3.9822712330395684,1.7781512503836436,0.0,0,2,4,1095,1900
0.0,1.0,2.0,350,5.0,333,0,0.0,904,3,4.000867721531227,1.8388490907372552,0.0,0,1,1,683,1922
709.0,3.0,1.0,641,2.0,32,490,0.0,1382,0,3.4234097277330933,1.8388490907372552,0.0,50,5,7,673,2000
1518.0,4.0,3.0,0,0.0,1107,840,0.0,3608,2,4.36078268987328,1.954242509439325,0.0,260,9,10,1107,1892
1032.0,5.0,3.0,0,0.0,1008,205,0.0,2210,3,3.99563519459755,1.954242509439325,0.0,48,4,6,1008,1880
766.0,3.0,1.0,0,0.0,806,373,2.0,1572,1,4.015527404313787,1.8388490907372552,0.0,40,5,6,806,1995
0.0,2.0,2.0,1219,2.0,424,739,0.0,1824,0,5.061260170729536,1.8388490907372552,351.0,48,5,7,1643,1971
0.0,3.0,1.0,775,5.0,281,304,0.0,1056,1,3.926856708949692,1.8129133566428555,0.0,85,6,5,1056,1968
272.0,4.0,1.0,392,5.0,392,392,0.0,1221,1,3.9884697702098757,1.7781512503836436,0.0,0,7,5,784,1924
0.0,3.0,1.0,288,1.0,700,504,0.0,1362,1,4.008472419302722,1.9030899869919435,491.0,20,5,6,1362,1961
0.0,1.0,2.0,697,2.0,151,420,1.0,848,0,3.6460114095912393,1.8388490907372552,147.0,0,5,6,848,2004
0.0,3.0,1.0,20,2.0,1434,527,1.0,1434,0,3.9308981144101045,1.8129133566428555,0.0,39,5,7,1454,2001
0.0,2.0,1.0,664,2.0,544,628,1.0,1208,0,3.8300751664297503,1.806179973983887,108.0,54,5,7,1208,2007
370.0,3.0,1.0,626,1.0,170,566,0.0,1466,0,4.033423755486949,1.7781512503836436,0.0,21,8,5,796,1936
0.0,2.0,2.0,1314,2.0,672,691,2.0,1987,0,4.155427138639798,1.9590413923210936,554.0,36,5,8,1986,1994
1093.0,3.0,2.0,1173,2.0,138,983,1.0,2418,0,4.022923011878938,1.9822712330395684,651.0,154,5,7,1311,1993
0.0,2.0,1.0,904,2.0,410,626,1.0,1314,0,3.704407927386841,1.5314789170422551,166.0,62,5,7,1314,2007
739.0,3.0,1.0,0,0.0,970,380,0.0,1709,0,3.401745082237063,1.380211241711606,50.0,40,5,7,970,2004
546.0,3.0,1.0,0,0.0,672,0,0.0,1218,1,3.225309281725863,1.3222192947339193,236.0,0,5,6,672,1971
1440.0,8.0,1.0,256,4.0,1184,0,0.0,3395,3,4.03726709456871,1.7781512503836436,0.0,110,7,6,1440,1914
0.0,3.0,2.0,1200,2.0,0,0,0.0,1200,1,4.033423755486949,1.7781512503836436,0.0,0,5,5,1200,1987
0.0,2.0,1.0,111,5.0,522,297,2.0,912,1,3.877083256650651,1.845098040014257,0.0,285,7,5,912,1958
1872.0,4.0,2.0,1455,2.0,989,832,2.0,4316,2,4.333144876098619,2.0170333392987803,1170.0,50,6,10,2444,1994
854.0,3.0,1.0,706,2.0,150,548,1.0,1710,0,3.926856708949692,1.8129133566428555,196.0,61,5,7,856,2003
1140.0,4.0,1.0,0,0.0,1181,656,2.0,2374,2,4.0791450533327485,1.968482948553935,340.0,100,5,8,1181,2003
704.0,3.0,1.0,275,3.0,429,234,0.0,1564,3,4.079181246047625,1.8750612633917,0.0,0,7,7,704,1941
0.0,3.0,1.0,176,0.0,1290,528,2.0,1466,3,4.249320676637634,2.1271047983648077,132.0,140,4,5,1466,1959
0.0,3.0,1.0,565,3.0,818,292,0.0,1383,1,4.064457989226918,1.9030899869919435,175.0,45,5,6,1383,1960
0.0,4.0,1.0,0,0.0,0,410,0.0,1535,1,3.846213363879387,1.806179973983887,0.0,0,5,5,0,1979
0.0,3.0,1.0,716,1.0,274,576,0.0,990,1,4.132515834912638,1.6334684555795864,0.0,0,5,5,990,1995
728.0,4.0,1.0,364,3.0,554,240,0.0,1646,1,3.852967691028818,1.724275869600789,0.0,0,5,7,918,1941
1020.0,4.0,1.0,0,0.0,1020,440,0.0,1928,3,3.961041216953312,1.8388490907372552,0.0,60,8,6,1020,1910
685.0,3.0,1.0,315,2.0,114,550,1.0,1725,1,4.063858548853072,1.9030899869919435,96.0,88,6,7,539,1979
743.0,4.0,1.0,700,2.0,983,541,2.0,2872,0,4.02848991652189,1.9294189257142926,337.0,33,5,8,1683,1992
1020.0,4.0,3.0,500,1.0,176,576,0.0,2112,1,4.044343734895107,1.9294189257142926,0.0,0,5,6,952,1969
567.0,3.0,1.0,672,5.0,0,240,0.0,1324,1,3.7781512503836434,1.6989700043360187,0.0,0,6,4,672,1936
600.0,2.0,1.0,0,0.0,600,480,1.0,1200,0,3.5024271199844326,1.4771212547196624,0.0,166,5,7,600,2005
672.0,3.0,1.0,456,3.0,216,468,0.0,1344,1,4.028977705208778,1.7708520116421442,0.0,128,7,5,672,1920
828.0,3.0,1.0,0,0.0,840,500,1.0,1668,0,4.053731315887608,1.8573324964312685,101.0,68,5,7,840,2003
0.0,2.0,1.0,0,0.0,0,400,0.0,1040,1,3.9316612396844812,1.7781512503836436,0.0,0,4,3,0,1950
0.0,3.0,3.0,234,0.0,180,576,0.0,900,0,3.8573324964312685,1.7781512503836436,0.0,32,7,5,900,1951
0.0,3.0,1.0,338,3.0,1221,812,0.0,1559,1,3.90848501887865,1.954242509439325,0.0,116,6,5,1559,1948
0.0,3.0,1.0,492,1.0,372,248,0.0,948,1,4.0092383709684665,1.8750612633917,132.0,0,5,4,864,1954
0.0,2.0,1.0,543,5.0,261,264,1.0,923,1,3.9037409406215384,1.6989700043360187,0.0,0,5,6,923,1980
0.0,3.0,0.0,24,2.0,1528,782,0.0,1552,0,4.0036328370044085,1.9242792860618816,196.0,20,5,7,1552,2005
0.0,3.0,1.0,216,1.0,540,642,0.0,1717,0,3.9800033715837464,1.7781512503836436,0.0,35,5,7,756,1915
0.0,3.0,1.0,570,3.0,891,440,1.0,1721,1,4.0143104809633074,1.8920946026904804,0.0,96,6,5,1461,1968
504.0,2.0,1.0,330,5.0,153,264,0.0,987,1,3.225309281725863,1.3222192947339193,158.0,0,5,6,483,1973
0.0,3.0,1.0,334,1.0,322,521,1.0,1200,0,4.051113916777601,2.0211892990699383,0.0,26,5,6,1200,1995
568.0,3.0,1.0,292,4.0,476,281,0.0,1716,1,4.057247580131245,1.7781512503836436,0.0,0,4,5,768,1949
0.0,3.0,1.0,553,2.0,224,336,0.0,894,1,3.926856708949692,1.8129133566428555,0.0,144,8,5,894,1965
0.0,3.0,1.0,0,0.0,0,336,0.0,1771,1,4.337459261290656,2.0,75.0,0,4,5,0,1960
0.0,3.0,2.0,885,2.0,0,528,1.0,1173,0,4.026328938722349,1.9294189257142926,81.0,120,6,7,1053,1974
0.0,3.0,1.0,72,1.0,733,576,2.0,1287,0,3.9925535178321354,1.8388490907372552,0.0,17,7,5,1063,1959
0.0,3.0,1.0,547,3.0,504,459,0.0,1382,1,4.050573076755148,1.8750612633917,51.0,82,5,4,1051,1963
1306.0,4.0,1.0,565,2.0,638,721,0.0,2520,0,3.9978230807457256,1.9138138523837167,290.0,114,5,7,1203,1995
0.0,3.0,1.0,585,3.0,630,297,0.0,1215,1,4.093421685162235,1.8195439355418688,176.0,0,7,6,1215,1958
1323.0,4.0,1.0,740,2.0,425,844,0.0,2526,0,4.00518051250378,1.9637878273455553,391.0,78,5,8,1165,1994
600.0,2.0,1.0,0,0.0,600,480,1.0,1200,0,3.502700175310563,1.4771212547196624,0.0,172,5,7,600,2004
0.0,4.0,1.0,1606,1.0,122,560,0.0,1728,1,3.9683428309589455,1.7993405494535817,0.0,0,5,5,1728,1976
808.0,3.0,1.0,0,0.0,576,480,0.0,1710,1,4.012837224705172,1.6989700043360187,0.0,11,6,7,576,1921
985.0,3.0,1.0,1074,2.0,322,870,2.0,2392,0,3.9755237129603316,1.9138138523837167,423.0,70,5,8,1396,1997
730.0,3.0,1.0,402,5.0,594,457,1.0,1744,0,3.975569657893662,1.8388490907372552,0.0,70,7,7,996,1993
843.0,3.0,1.0,0,0.0,813,562,1.0,1665,0,3.909823369650912,1.8129133566428555,0.0,0,6,7,813,2007
1414.0,4.0,0.0,984,2.0,280,792,0.0,2696,2,3.9984773030365064,1.8864907251724818,220.0,184,5,7,1264,2007
0.0,3.0,1.0,616,1.0,248,528,0.0,864,1,3.9542425094393248,1.7781512503836436,0.0,0,6,4,864,1971
0.0,2.0,1.0,344,3.0,328,234,0.0,672,1,3.9703468762300935,1.6989700043360187,0.0,113,6,4,672,1941
0.0,3.0,0.0,328,4.0,285,564,0.0,1320,1,4.071034675054151,1.9822712330395684,97.0,68,6,5,1164,1966
0.0,2.0,1.0,120,1.0,958,440,1.0,958,1,3.692670699156369,1.8388490907372552,0.0,205,5,6,1078,1976
0.0,3.0,3.0,0,0.0,1710,550,0.0,1710,0,4.083430948160511,1.6334684555795864,108.0,48,5,7,1710,2004
0.0,3.0,2.0,633,1.0,586,502,1.0,1265,0,3.9708116108725178,1.9294189257142926,0.0,92,8,5,1219,1965
0.0,2.0,2.0,0,0.0,1273,400,2.0,1456,0,3.5046067706419537,1.8388490907372552,40.0,20,5,8,1273,2003
472.0,3.0,1.0,0,0.0,927,576,0.0,1539,1,3.7867514221455614,1.7075701760979363,0.0,0,6,5,927,1936
0.0,5.0,1.0,0,0.0,1907,766,0.0,1959,1,4.044147620878722,1.9138138523837167,70.0,0,5,7,1907,1988
0.0,4.0,1.0,0,0.0,1008,0,0.0,1522,1,3.7781512503836434,1.7781512503836436,0.0,0,5,5,1008,1926
0.0,3.0,1.0,0,0.0,0,0,0.0,1124,1,3.920905604164024,1.8864907251724818,0.0,36,5,5,0,1954
983.0,3.0,3.0,859,1.0,216,484,0.0,2090,1,4.01628102454283,1.8388490907372552,240.0,204,6,7,1107,1973
0.0,2.0,1.0,698,1.0,420,461,0.0,1214,1,3.962369335670021,1.845098040014257,0.0,0,7,5,1214,1965
0.0,3.0,3.0,306,1.0,372,454,0.0,1779,1,4.253338005326106,2.0086001717619175,0.0,418,4,5,1763,1955
0.0,3.0,0.0,1300,2.0,316,808,2.0,1629,0,4.162444914299978,1.9294189257142926,236.0,252,5,8,1616,2002
0.0,2.0,3.0,24,2.0,1530,627,1.0,1554,0,3.661812685537261,1.5314789170422551,108.0,73,5,8,1554,2006
1243.0,4.0,1.0,0,0.0,964,642,2.0,2236,0,4.11414374967188,1.8388490907372552,285.0,0,5,7,964,1997
0.0,2.0,1.0,0,0.0,796,0,0.0,796,1,3.56062387454993,1.6020599913279623,0.0,0,4,4,796,1922
840.0,3.0,1.0,0,0.0,840,308,0.0,1680,1,4.1924559385119755,1.7993405494535817,0.0,0,7,6,840,1915
0.0,1.0,0.0,686,2.0,162,420,2.0,848,0,3.646893624167745,1.568201724066995,170.0,0,5,6,848,2003
0.0,3.0,1.0,874,1.0,268,528,2.0,1142,1,3.625723909525756,1.6434526764861874,0.0,90,5,5,1142,1976
0.0,1.0,2.0,429,5.0,93,564,1.0,1252,1,4.1303337684950066,1.8388490907372552,0.0,0,7,6,1602,1960
0.0,2.0,1.0,28,2.0,1656,564,1.0,1684,2,3.9468941951023266,1.7993405494535817,616.0,72,5,9,1684,2005
0.0,3.0,1.0,1464,2.0,536,888,0.0,2000,0,4.016448318259037,1.9030899869919435,246.0,0,5,8,2000,2004
0.0,3.0,0.0,0,0.0,1616,834,1.0,1616,0,3.9389198122447717,1.863322860120456,228.0,59,5,7,1616,2005
573.0,3.0,0.0,990,2.0,309,531,1.0,1872,2,4.074999186064199,1.8388490907372552,108.0,122,5,8,1299,2001
534.0,3.0,1.0,0,0.0,1042,225,0.0,1576,1,3.795184589682424,1.7160033436347992,0.0,0,6,5,1042,1928
807.0,3.0,0.0,421,2.0,386,575,0.0,1982,0,4.052578525044658,1.9138138523837167,340.0,84,6,7,807,1989
0.0,3.0,1.0,534,5.0,246,276,0.0,988,1,3.8573324964312685,1.7781512503836436,0.0,80,7,5,876,1950
0.0,2.0,1.0,976,2.0,868,620,2.0,1844,0,4.041155732629711,1.9444826721501687,366.0,44,5,8,1844,2005
0.0,3.0,1.0,656,1.0,602,528,0.0,1258,0,4.04296907339318,1.9030899869919435,144.0,0,7,6,1258,1971
0.0,1.0,1.0,786,2.0,474,500,2.0,1288,2,4.175018675936629,1.5797835966168101,0.0,30,5,8,1260,1996
0.0,3.0,1.0,0,0.0,1626,866,0.0,1634,0,4.057970231710706,1.9912260756924949,248.0,44,5,8,1626,2006
0.0,3.0,1.0,257,1.0,103,440,0.0,1322,1,3.363235804483694,1.380211241711606,0.0,0,5,6,855,1974
707.0,3.0,0.0,0,0.0,707,403,2.0,1414,0,3.956936413844196,1.8692317197309762,0.0,35,5,8,707,2004
0.0,3.0,2.0,690,2.0,814,478,2.0,1504,0,4.074926097123956,1.863322860120456,196.0,66,5,7,1504,1996
0.0,3.0,1.0,0,0.0,1670,690,1.0,1670,0,4.1719895827021185,1.6989700043360187,27.0,60,5,7,1670,2006
651.0,3.0,2.0,125,4.0,36,518,1.0,2167,0,4.244079106672388,1.8388490907372552,0.0,47,7,7,1192,1974
0.0,2.0,1.0,559,1.0,510,440,1.0,1069,1,3.6067037413336744,1.724275869600789,0.0,55,6,6,1069,1977
0.0,2.0,2.0,547,2.0,0,525,2.0,1072,1,3.5652573434202135,1.5440680443502757,82.0,44,5,6,547,2005
0.0,3.0,2.0,1159,3.0,413,995,1.0,1572,1,4.5457152356963135,1.6989700043360187,226.0,263,4,5,1572,1963
561.0,3.0,1.0,1088,4.0,0,456,0.0,1869,1,3.94546858513182,1.9912260756924949,0.0,0,6,5,1088,1890
0.0,1.0,1.0,0,0.0,882,0,0.0,882,1,3.7403626894942437,1.7403626894942439,0.0,0,6,4,882,1956
0.0,3.0,2.0,1249,2.0,673,676,2.0,1922,0,4.150971232062612,1.9344984512435677,200.0,51,5,9,1922,2005
0.0,2.0,0.0,632,1.0,148,352,0.0,780,1,3.8573324964312685,1.7781512503836436,0.0,0,7,5,780,1972
580.0,3.0,1.0,0,0.0,533,300,1.0,1601,1,4.140665139976736,1.9294189257142926,0.0,34,6,5,533,1958
0.0,3.0,0.0,1274,1.0,256,430,2.0,1530,0,4.208387603795154,2.093421685162235,16.0,36,5,7,1530,2005
0.0,3.0,1.0,625,0.0,208,0,0.0,833,1,3.9434945159061026,1.8388490907372552,0.0,0,5,5,833,1985
504.0,2.0,1.0,331,1.0,318,308,0.0,1183,1,3.7781512503836434,1.6989700043360187,0.0,176,7,3,649,1948
0.0,3.0,1.0,659,1.0,381,260,0.0,1040,1,3.8386602259889413,1.8388490907372552,0.0,104,8,5,1040,1962
1362.0,4.0,2.0,1150,2.0,316,1052,1.0,2828,0,3.9984773030365064,1.8864907251724818,340.0,144,5,8,1466,2006
220.0,3.0,1.0,280,5.0,752,288,0.0,1252,1,3.9822712330395684,1.9030899869919435,0.0,0,5,6,1032,1950
0.0,3.0,1.0,340,4.0,0,305,1.0,1246,0,3.8750612633917,1.8750612633917,0.0,0,7,5,1246,1959
0.0,2.0,1.0,0,0.0,884,180,0.0,904,1,3.7781512503836434,1.6989700043360187,0.0,0,7,6,884,1926
686.0,4.0,1.0,686,4.0,0,416,0.0,1652,1,4.033423755486949,1.7781512503836436,0.0,0,6,5,686,1915
0.0,3.0,1.0,375,3.0,457,288,0.0,1268,1,4.084361758551405,1.7781512503836436,0.0,28,7,5,832,1949
741.0,3.0,1.0,0,0.0,896,342,0.0,1913,1,3.878406887580996,1.7558748556724915,0.0,0,6,6,896,1928
0.0,3.0,3.0,733,0.0,625,484,1.0,1358,0,3.8042076050820413,1.6434526764861874,128.0,35,5,7,1358,2009
0.0,3.0,1.0,1237,4.0,420,484,0.0,1657,1,4.084754963179354,1.8388490907372552,0.0,0,3,6,1657,1970
0.0,2.0,3.0,210,3.0,0,275,2.0,838,3,4.011443562022075,1.7403626894942439,0.0,0,7,6,816,1918
1038.0,3.0,1.0,772,1.0,220,390,1.0,2060,0,3.942256150419465,1.8388490907372552,298.0,0,5,7,992,1999
862.0,2.0,1.0,573,2.0,191,474,1.0,1626,0,3.3888114134735234,1.5563025007672873,106.0,27,5,7,764,2003
689.0,4.0,1.0,371,1.0,292,299,2.0,1352,1,3.971461405024587,1.9030899869919435,143.0,36,7,6,663,1969
408.0,3.0,1.0,368,3.0,359,240,0.0,1376,1,3.9773577295453015,1.8976270912904414,0.0,0,5,5,768,1941
811.0,3.0,1.0,326,4.0,389,240,0.0,1660,1,4.078746734273607,1.8692317197309762,0.0,0,7,6,715,1934
796.0,3.0,1.0,0,0.0,616,432,2.0,1412,0,3.9293678292400998,1.863322860120456,0.0,36,5,6,616,2006
713.0,3.0,1.0,0,0.0,756,216,0.0,1469,1,4.013679697291193,1.7781512503836436,0.0,0,7,6,756,1906
656.0,3.0,1.0,0,0.0,384,400,1.0,1430,1,3.9985644582609416,1.8808135922807914,0.0,0,5,7,384,2000
0.0,3.0,3.0,500,3.0,594,495,0.0,1094,1,4.019199401055288,1.9294189257142926,216.0,0,5,6,1094,1953
0.0,3.0,2.0,1422,2.0,392,758,0.0,1826,0,4.05315530296188,1.8388490907372552,238.0,75,5,8,1814,2005
252.0,3.0,3.0,0,0.0,672,576,0.0,924,1,3.90655051910145,1.7781512503836436,0.0,0,7,5,672,1949
0.0,1.0,0.0,368,2.0,0,528,1.0,1502,0,3.833784374656479,1.8388490907372552,0.0,54,5,8,1488,1985
1072.0,4.0,2.0,462,2.0,154,603,1.0,1688,0,4.107142105833073,1.8976270912904414,0.0,114,5,6,616,1997
0.0,3.0,1.0,905,2.0,357,572,0.0,1262,0,3.8573324964312685,1.7781512503836436,68.0,120,5,6,1262,2006
0.0,3.0,1.0,0,0.0,1905,788,2.0,1905,2,4.06707085604537,1.9242792860618816,302.0,191,5,9,1905,2006
878.0,3.0,0.0,252,1.0,901,541,2.0,2031,0,4.057057208637422,1.8750612633917,202.0,84,5,7,1153,1998
0.0,3.0,1.0,0,0.0,1064,478,1.0,1350,1,4.006037954997317,1.8920946026904804,174.0,0,5,6,1064,1974
888.0,3.0,1.0,483,2.0,458,613,1.0,1829,0,3.979912410334717,1.6434526764861874,223.0,39,6,7,941,2003
0.0,3.0,1.0,641,5.0,187,300,0.0,965,1,3.8920946026904804,1.7781512503836436,0.0,0,5,5,828,1965
252.0,2.0,1.0,348,5.0,324,280,0.0,924,3,4.085647288296856,1.7781512503836436,0.0,0,4,4,672,1941
1208.0,3.0,1.0,0,0.0,1055,905,2.0,2263,0,3.9656719712201065,1.8388490907372552,396.0,45,5,8,1055,2001
872.0,4.0,1.0,626,3.0,501,540,0.0,2108,0,4.13760727050463,2.0791812460476247,0.0,0,7,6,1127,1935
0.0,3.0,1.0,916,1.0,326,528,0.0,1242,1,3.9822712330395684,1.9030899869919435,320.0,0,6,7,1242,1973
584.0,3.0,1.0,0,0.0,884,240,0.0,1573,0,3.7867514221455614,1.7075701760979363,0.0,0,7,4,884,1935
1151.0,3.0,1.0,0,0.0,884,434,2.0,2035,0,3.977952121201462,1.8388490907372552,180.0,48,5,7,884,2001
0.0,3.0,1.0,660,5.0,572,516,0.0,1232,1,4.046104787246039,1.8388490907372552,0.0,0,6,6,1232,1984
866.0,4.0,1.0,403,0.0,400,483,1.0,1964,1,4.020361282647708,1.9030899869919435,660.0,69,6,7,803,1976
348.0,3.0,1.0,0,0.0,576,0,0.0,1140,1,3.9444826721501687,1.7403626894942439,0.0,160,7,4,576,1910
0.0,3.0,1.0,702,5.0,192,450,1.0,894,0,3.989627770745151,1.7558748556724915,0.0,0,7,5,894,1967
1142.0,4.0,3.0,619,5.0,435,619,0.0,2654,0,4.042536136722143,1.8388490907372552,220.0,65,7,6,1054,1968
0.0,2.0,0.0,660,0.0,108,396,2.0,768,1,3.8573324964312685,1.7781512503836436,0.0,0,8,5,768,1972
0.0,2.0,1.0,0,0.0,0,0,0.0,912,1,3.795184589682424,1.7160033436347992,0.0,0,5,4,0,1947
1040.0,5.0,0.0,650,3.0,390,504,0.0,2080,3,4.0646825662285115,1.845098040014257,192.0,0,5,5,1040,1969
0.0,3.0,1.0,732,2.0,308,576,0.0,1040,0,4.095657440328489,1.9138138523837167,0.0,0,5,5,1040,1996
467.0,3.0,3.0,370,4.0,779,216,0.0,1616,0,3.7323937598229686,1.6020599913279623,0.0,0,7,6,1149,1926
0.0,2.0,1.0,0,0.0,641,273,0.0,1047,1,4.033423755486949,1.7781512503836436,0.0,0,7,4,641,1885
0.0,3.0,1.0,168,3.0,284,484,1.0,1803,1,4.1180993120779945,1.9444826721501687,67.0,0,4,5,1134,1957
0.0,2.0,1.0,0,0.0,832,528,0.0,832,0,3.858958054718006,1.7708520116421442,0.0,0,6,6,832,1954
0.0,3.0,1.0,180,3.0,340,384,0.0,894,1,3.850891184135924,1.99563519459755,0.0,0,5,5,894,1966
596.0,3.0,3.0,0,0.0,596,189,0.0,1192,1,3.8063156698081135,1.7781512503836436,0.0,0,5,5,596,1920
0.0,3.0,2.0,1261,2.0,572,772,2.0,1850,0,4.205014792569004,1.9912260756924949,378.0,112,5,9,1833,2004
0.0,3.0,1.0,450,1.0,414,288,2.0,899,0,3.8920946026904804,1.8129133566428555,89.0,0,7,5,864,1967
0.0,3.0,1.0,340,3.0,524,264,1.0,892,1,3.976670880624811,1.8388490907372552,65.0,0,5,5,864,1966
1031.0,4.0,3.0,1046,3.0,168,506,0.0,2291,1,3.8573324964312685,1.7781512503836436,0.0,0,6,6,1214,1910
1063.0,2.0,1.0,0,0.0,849,360,0.0,2138,1,3.90848501887865,1.954242509439325,0.0,156,5,5,849,1898
678.0,3.0,1.0,0,0.0,926,470,2.0,1604,1,4.034989216287685,2.0,0.0,36,5,6,926,1997
1134.0,3.0,1.0,0,0.0,868,422,1.0,2021,0,4.36655369287421,2.225309281725863,0.0,100,5,7,868,2006
0.0,3.0,0.0,280,4.0,167,308,0.0,938,1,3.963787827345555,1.8388490907372552,0.0,0,6,5,938,1975
514.0,3.0,1.0,0,0.0,912,216,0.0,1426,0,3.88320703335239,1.7403626894942439,0.0,240,8,7,912,1918
992.0,4.0,1.0,220,3.0,708,400,0.0,1920,1,4.054804500220955,1.9777236052888478,567.0,0,5,5,928,1948
0.0,3.0,1.0,902,1.0,196,260,0.0,1098,1,3.8686444383948255,1.8388490907372552,151.0,0,7,5,1098,1955
0.0,2.0,1.0,0,0.0,270,0,0.0,729,1,3.615950051656401,1.7481880270062005,0.0,0,6,3,270,1935
0.0,3.0,1.0,0,0.0,1252,528,0.0,1252,0,4.030235296012244,1.9030899869919435,243.0,39,6,6,1252,1959
0.0,4.0,1.0,0,0.0,1584,792,0.0,1584,1,3.951531790542348,1.8129133566428555,0.0,152,5,5,1584,1967
0.0,2.0,1.0,0,0.0,1498,592,0.0,1506,2,4.163965982954884,1.8750612633917,284.0,174,5,9,1498,2008
0.0,2.0,0.0,1238,2.0,460,506,2.0,1709,0,3.7091851295502454,1.6989700043360187,60.0,65,5,9,1698,1999
0.0,2.0,1.0,895,3.0,197,299,2.0,1092,1,4.171726453653231,1.8388490907372552,0.0,0,5,5,1092,1957
0.0,3.0,2.0,1320,2.0,426,758,2.0,1746,2,4.172953027546354,1.6232492903979006,160.0,39,5,9,1746,2006
983.0,3.0,1.0,603,5.0,701,667,2.0,2287,1,4.1929296788902,1.9084850188786497,0.0,21,4,7,1304,1953
0.0,2.0,1.0,0,0.0,768,200,0.0,789,1,4.025059968599579,1.7403626894942439,0.0,0,5,5,768,1926
0.0,3.0,1.0,991,1.0,50,270,1.0,1041,1,3.9822712330395684,1.9030899869919435,132.0,88,6,5,1041,1959
915.0,4.0,1.0,0,0.0,967,431,2.0,1908,0,4.152013000050834,1.9294189257142926,0.0,0,5,8,967,2002
1257.0,4.0,1.0,0,0.0,1010,390,1.0,2267,0,3.906765889540728,1.8388490907372552,0.0,46,5,6,1010,2002
0.0,2.0,1.0,209,5.0,506,180,0.0,875,1,3.7867514221455614,1.7075701760979363,0.0,0,7,5,715,1931
0.0,4.0,0.0,383,3.0,833,364,0.0,1526,1,3.9325752234982905,1.8325089127062364,145.0,78,6,5,1216,1957
0.0,2.0,2.0,1567,1.0,0,714,1.0,1567,0,3.9920672600276665,1.8388490907372552,0.0,32,5,6,1567,1977
1088.0,3.0,2.0,0,0.0,1734,1020,1.0,2822,2,4.142733511313519,2.0293837776852097,424.0,170,5,9,1734,2008
689.0,3.0,1.0,141,3.0,548,360,0.0,1378,0,3.9822712330395684,1.7781512503836436,0.0,0,9,7,689,1928
457.0,4.0,1.0,0,0.0,715,368,0.0,1738,1,4.097361444565494,1.8388490907372552,0.0,0,4,4,715,1920
896.0,4.0,1.0,831,2.0,320,521,0.0,2060,1,4.001257631312231,1.9867717342662448,268.0,228,5,6,1151,1988
0.0,2.0,1.0,812,4.0,124,286,0.0,1128,1,3.9542425094393248,1.8750612633917,0.0,0,5,5,936,1954
880.0,3.0,1.0,0,0.0,840,440,2.0,1720,0,3.916137983107175,1.792391689498254,0.0,48,5,7,840,2004
0.0,2.0,1.0,504,3.0,546,338,0.0,1050,1,3.9822712330395684,1.9030899869919435,0.0,0,6,5,1050,1956
0.0,3.0,1.0,814,2.0,300,576,0.0,1114,0,4.1365620365899805,1.8195439355418688,0.0,78,5,6,1114,2003
0.0,3.0,1.0,567,3.0,413,750,1.0,1053,2,3.9529376677509807,1.8388490907372552,85.0,80,7,5,1008,1958
0.0,0.0,0.0,1153,2.0,440,682,2.0,1593,2,3.6922298357727557,1.6127838567197355,0.0,120,5,8,1593,2001
0.0,3.0,1.0,695,5.0,519,318,1.0,1214,1,4.015150103229471,1.8388490907372552,196.0,111,5,5,1214,1967
0.0,3.0,1.0,641,1.0,175,264,0.0,816,0,3.8195439355418688,1.7781512503836436,0.0,0,9,5,816,1982
0.0,4.0,1.0,0,0.0,0,400,0.0,1535,1,3.846213363879387,1.806179973983887,0.0,0,5,5,0,1979
1360.0,3.0,1.0,1036,0.0,140,795,0.0,3112,0,4.405158461126545,2.2405492482826,0.0,16,4,8,1360,1918
840.0,3.0,0.0,0,0.0,1079,685,1.0,1919,0,4.193430723726846,2.0791812460476247,0.0,51,5,8,1079,2006
0.0,3.0,1.0,0,0.0,1097,672,0.0,1097,1,4.035789833127757,2.0492180226701815,0.0,64,5,5,1097,1994
767.0,4.0,3.0,660,1.0,323,423,0.0,1750,1,4.0971878725708955,1.8750612633917,0.0,0,7,6,983,1940
504.0,2.0,1.0,0,0.0,483,288,0.0,987,1,3.225309281725863,1.3222192947339193,297.0,0,5,6,483,1972
0.0,3.0,1.0,282,1.0,664,576,0.0,981,1,4.0224283711854865,1.8388490907372552,0.0,312,5,6,981,1971
0.0,4.0,1.0,1018,3.0,380,447,1.0,1700,0,4.023334782538309,1.845098040014257,0.0,38,5,5,1398,1959
0.0,2.0,1.0,708,2.0,108,308,0.0,816,1,3.8512583487190755,1.863322860120456,0.0,0,7,5,816,1957
896.0,3.0,1.0,666,2.0,278,622,1.0,1840,0,4.094121595840561,1.8976270912904414,0.0,45,5,7,944,2001
1230.0,5.0,1.0,837,1.0,105,576,0.0,2521,1,3.598133645813238,1.6232492903979006,0.0,20,4,6,942,1973
0.0,3.0,1.0,828,5.0,174,902,0.0,1002,1,3.942008053022313,1.8388490907372552,76.0,0,6,5,1002,1970
0.0,2.0,1.0,0,0.0,721,294,0.0,841,1,3.9242792860618816,1.7781512503836436,0.0,0,4,4,721,1950
0.0,2.0,0.0,747,2.0,189,564,0.0,996,0,3.9575594018974796,1.863322860120456,0.0,0,6,6,936,1992
0.0,3.0,0.0,1088,2.0,625,856,2.0,1713,2,3.98186389099135,1.8808135922807914,262.0,26,5,8,1713,2004
0.0,3.0,3.0,1005,2.0,387,576,0.0,1412,0,4.05907091309298,2.113943352306837,0.0,0,5,6,1392,1988
0.0,2.0,1.0,600,2.0,312,923,0.0,1236,1,3.8696423446515946,1.954242509439325,0.0,158,7,6,912,1957
0.0,3.0,2.0,633,1.0,431,648,0.0,1040,1,4.402880133602107,1.9731278535996986,0.0,0,5,4,1064,1963
0.0,2.0,1.0,1180,2.0,415,608,1.0,1616,0,3.7315081835960253,1.591064607026499,0.0,152,5,8,1595,1995
0.0,3.0,1.0,528,1.0,245,601,0.0,1414,1,4.042536136722143,1.9395192526186185,0.0,51,8,6,1184,1958
975.0,3.0,1.0,649,0.0,326,576,1.0,1950,0,3.869173027321683,1.8195439355418688,1600.0,10,5,7,975,1997
0.0,3.0,1.0,320,1.0,404,490,0.0,1086,1,4.008600171761918,1.9294189257142926,104.0,0,7,5,1086,1954
504.0,3.0,2.0,1309,2.0,15,528,1.0,1576,0,4.330088945748481,2.1583624920952498,0.0,312,6,5,1324,1923
0.0,2.0,0.0,619,1.0,149,624,0.0,768,1,3.8599784416420206,1.7323937598229686,0.0,0,7,5,768,1970
0.0,3.0,1.0,982,1.0,179,676,0.0,1381,0,3.971275848738105,1.8920946026904804,0.0,0,7,6,1161,1972
885.0,3.0,1.0,0,0.0,1284,647,1.0,2169,0,3.9719712763997563,1.8388490907372552,149.0,87,5,8,1284,2002
0.0,2.0,1.0,0,0.0,0,287,0.0,720,1,3.821316970591097,1.8388490907372552,0.0,0,6,3,0,1949
1208.0,3.0,1.0,493,4.0,1017,520,0.0,2792,1,4.018700498666243,1.7781512503836436,0.0,547,7,6,1510,1920
0.0,2.0,1.0,0,0.0,936,576,0.0,936,1,3.7781512503836434,1.7781512503836436,0.0,32,4,4,936,1953
0.0,3.0,0.0,920,5.0,38,588,1.0,1181,1,4.000520840936185,1.954242509439325,0.0,0,5,4,1138,1972
0.0,3.0,0.0,0,0.0,1689,954,1.0,1689,0,3.9933921374490025,1.919078092376074,0.0,56,6,7,1689,2007
0.0,3.0,1.0,732,3.0,216,280,0.0,948,1,3.9132839017604186,1.7781512503836436,0.0,36,6,4,948,1954
756.0,2.0,1.0,420,2.0,336,440,0.0,1512,0,3.325720858019412,1.8388490907372552,513.0,32,5,6,756,2000
0.0,3.0,1.0,492,5.0,402,450,0.0,894,1,3.940715656906663,2.037426497940624,0.0,0,5,5,894,1968
920.0,3.0,1.0,822,2.0,78,644,1.0,1852,0,3.936513742478893,1.8573324964312685,0.0,108,5,7,900,2009
0.0,3.0,1.0,0,0.0,0,290,0.0,845,1,4.060697840353612,1.8388490907372552,0.0,0,3,4,0,1957
0.0,3.0,1.0,544,3.0,0,0,0.0,774,0,3.630427875025024,1.845098040014257,0.0,0,6,3,544,1931
1185.0,4.0,0.0,816,0.0,1217,666,2.0,3238,0,4.16790781000148,1.7481880270062005,579.0,86,5,8,2033,1995
0.0,2.0,0.0,724,2.0,508,632,0.0,1232,0,3.8641549560020256,1.806179973983887,82.0,0,5,7,1232,2007
0.0,3.0,1.0,0,0.0,1164,528,0.0,1164,1,3.9822712330395684,1.9030899869919435,168.0,0,5,7,1164,1969
336.0,2.0,1.0,324,4.0,588,160,0.0,1248,1,3.9749259860897626,1.7160033436347992,0.0,0,5,5,912,1930
0.0,3.0,0.0,353,5.0,60,572,0.0,1687,1,4.757396028793024,1.8388490907372552,0.0,0,5,5,747,1948
1100.0,4.0,1.0,625,2.0,235,440,2.0,1960,0,3.8949249773595436,1.8388490907372552,0.0,48,5,6,860,2002
0.0,3.0,1.0,273,5.0,0,286,1.0,1092,1,3.345765693114488,1.3222192947339193,0.0,0,4,4,546,1970
0.0,3.0,1.0,552,0.0,342,400,0.0,894,1,3.975431808509263,1.8325089127062364,0.0,0,5,4,894,1954
0.0,3.0,0.0,1013,2.0,440,558,1.0,1479,0,4.0279608597854475,1.8573324964312685,167.0,29,5,7,1453,2003
0.0,3.0,3.0,188,3.0,204,270,0.0,1060,0,3.9162433304653397,1.8388490907372552,0.0,90,8,5,1060,1968
0.0,3.0,3.0,946,2.0,490,484,0.0,1436,0,3.926856708949692,1.8129133566428555,266.0,98,5,7,1436,2004
0.0,2.0,0.0,0,0.0,540,504,0.0,1044,3,3.9401178667477184,1.8195439355418688,0.0,0,5,5,540,1952
888.0,2.0,3.0,390,0.0,490,320,0.0,1768,1,4.033423755486949,1.7781512503836436,0.0,341,7,7,880,1914
0.0,2.0,0.0,538,0.0,278,432,0.0,816,1,3.7701152947871015,1.8388490907372552,0.0,0,8,6,816,1930
656.0,3.0,1.0,250,2.0,134,400,2.0,1430,1,3.88930170250631,1.8388490907372552,0.0,0,5,7,384,2000
0.0,2.0,1.0,379,4.0,470,303,2.0,1867,1,4.029708362514895,1.8388490907372552,0.0,0,5,5,1617,1955
0.0,3.0,0.0,1070,2.0,286,648,2.0,1500,0,3.606918525948291,1.724275869600789,45.0,20,5,7,1356,2006
0.0,3.0,1.0,419,1.0,375,312,1.0,1100,1,4.096666739975382,1.8388490907372552,0.0,0,5,4,1100,1960
0.0,3.0,2.0,546,1.0,270,264,0.0,816,1,3.9198100201701958,1.8808135922807914,0.0,0,7,5,816,1982
0.0,2.0,2.0,967,5.0,383,308,0.0,1328,1,4.228015175101787,2.060697840353612,0.0,104,6,5,1350,1959
568.0,3.0,2.0,1338,2.0,384,842,1.0,2296,2,4.129625452035683,1.9867717342662448,420.0,274,5,10,1722,2008
0.0,2.0,1.0,167,3.0,697,572,0.0,864,1,3.91232835796041,1.7781512503836436,0.0,0,7,5,864,1955
0.0,3.0,1.0,0,0.0,1257,453,0.0,1266,0,3.8750612633917,1.792391689498254,0.0,144,5,7,1257,2005
0.0,3.0,1.0,614,5.0,244,0,0.0,858,1,3.909823369650912,1.8388490907372552,0.0,0,4,4,858,1971
878.0,3.0,1.0,426,2.0,406,506,1.0,1710,0,3.968062460076449,1.8808135922807914,120.0,70,5,6,832,1993
351.0,3.0,1.0,0,0.0,732,264,0.0,1123,1,3.782472624166286,1.6989700043360187,0.0,0,5,4,732,1939
694.0,3.0,1.0,0,0.0,953,460,1.0,1647,1,3.898560644939712,1.792391689498254,0.0,40,5,6,953,1999
0.0,3.0,1.0,510,0.0,354,288,1.0,874,1,3.993788813818705,1.792391689498254,0.0,0,6,5,864,1968
0.0,3.0,0.0,0,0.0,1753,522,1.0,1788,2,4.073278335635835,1.8388490907372552,0.0,151,5,8,1753,2001
0.0,3.0,1.0,1186,2.0,291,416,2.0,1839,0,4.159627340658673,2.041392685158225,106.0,87,7,6,1477,1957
780.0,4.0,1.0,381,1.0,399,484,0.0,1868,0,4.013005850015737,1.8388490907372552,44.0,96,7,5,780,1976
0.0,4.0,1.0,528,4.0,1098,588,2.0,1712,1,3.9239172231131056,1.845098040014257,122.0,54,5,5,1626,1959
668.0,2.0,1.0,285,1.0,276,462,2.0,1229,1,3.113943352306837,1.380211241711606,0.0,0,6,6,561,1980
0.0,3.0,1.0,0,0.0,1566,890,1.0,1600,0,4.153204900084284,2.041392685158225,640.0,56,5,8,1566,2007
684.0,3.0,0.0,0,0.0,916,460,2.0,1600,1,3.943148129358563,1.7558748556724915,0.0,38,5,6,916,1997
448.0,3.0,1.0,0,0.0,896,240,0.0,1344,1,3.795184589682424,1.8388490907372552,0.0,114,4,5,896,1936
0.0,3.0,0.0,767,1.0,266,540,1.0,1126,2,4.193430723726846,1.8388490907372552,0.0,0,6,5,1126,1977
0.0,3.0,1.0,658,1.0,218,264,0.0,923,1,3.842047288509638,1.568201724066995,0.0,0,5,5,876,1984
0.0,2.0,1.0,616,4.0,0,205,0.0,616,1,3.7781512503836434,1.6989700043360187,0.0,0,7,5,616,1921
0.0,6.0,1.0,0,0.0,1800,0,0.0,1800,1,3.9030899869919438,1.9030899869919435,0.0,0,4,5,1800,1961
0.0,2.0,1.0,1024,0.0,481,505,1.0,1505,1,4.084933574936716,2.1072099696478683,90.0,0,4,6,1505,1953
0.0,3.0,3.0,1283,1.0,0,621,2.0,1647,0,4.113408506818176,1.9030899869919435,459.0,0,6,5,1430,1977
0.0,2.0,1.0,1024,2.0,108,451,2.0,1132,0,3.8465845028980463,1.7781512503836436,0.0,64,5,4,1132,2005
836.0,3.0,1.0,821,2.0,107,470,1.0,1764,0,4.188253327026504,1.8129133566428555,0.0,99,5,6,928,1997
441.0,4.0,1.0,0,0.0,0,240,0.0,1529,1,3.9245377177754897,1.6989700043360187,0.0,0,3,4,0,1945
748.0,4.0,1.0,0,0.0,804,336,0.0,2447,0,3.9839869219651898,1.6989700043360187,0.0,0,7,6,804,1919
0.0,1.0,1.0,16,2.0,1330,457,2.0,1504,0,3.502700175310563,1.6334684555795864,16.0,0,5,7,1346,2005
0.0,3.0,1.0,256,1.0,906,220,0.0,1163,1,3.7649229846498886,1.6901960800285136,0.0,98,8,3,1162,1955
756.0,3.0,1.0,436,2.0,320,440,0.0,1525,0,3.325720858019412,1.8388490907372552,456.0,0,5,6,756,2000
0.0,3.0,1.0,560,5.0,0,288,0.0,935,1,4.131169383089324,1.8388490907372552,114.0,0,6,5,935,1965
0.0,2.0,1.0,0,0.0,813,270,0.0,813,0,3.754654069255432,1.845098040014257,0.0,113,8,6,813,1930
896.0,3.0,1.0,603,2.0,293,230,0.0,2008,2,3.8920946026904804,1.8920946026904804,0.0,0,8,5,896,1948
797.0,4.0,1.0,1085,2.0,390,514,0.0,2329,0,4.073315020560628,1.9344984512435677,99.0,121,5,7,1475,1990
648.0,4.0,1.0,420,5.0,490,282,0.0,1558,1,4.137037454789513,1.8750612633917,0.0,0,5,5,910,1950
832.0,4.0,1.0,194,2.0,638,528,1.0,1664,1,4.006037954997317,1.8920946026904804,0.0,28,5,7,832,1976
0.0,3.0,1.0,1065,1.0,1045,522,2.0,2110,2,4.04766419460156,1.968482948553935,0.0,0,5,7,2110,1968
881.0,3.0,1.0,648,2.0,176,684,1.0,1786,0,3.9702073588068547,1.8388490907372552,0.0,162,5,6,824,1997
550.0,4.0,1.0,548,1.0,36,336,1.0,1475,1,3.425697213362591,1.6127838567197355,0.0,26,6,5,757,1977
576.0,3.0,1.0,0,0.0,811,256,0.0,1387,0,3.7781512503836434,1.6989700043360187,0.0,0,4,5,811,1954
732.0,3.0,1.0,0,0.0,976,380,0.0,1708,0,3.5267268673146357,1.505149978319906,117.0,40,5,7,976,2004
649.0,3.0,1.0,600,3.0,312,440,0.0,1734,0,3.990605211423919,1.8864907251724818,0.0,0,7,6,912,1962
648.0,3.0,1.0,664,5.0,290,520,0.0,2414,1,4.033423755486949,1.7781512503836436,0.0,0,4,5,954,1900
975.0,4.0,1.0,642,2.0,273,493,0.0,1908,0,3.942008053022313,1.845098040014257,0.0,133,5,7,915,1994
0.0,3.0,1.0,504,3.0,319,506,0.0,1283,1,3.890029586163417,1.845098040014257,0.0,0,7,5,931,1962
0.0,3.0,1.0,0,0.0,1212,573,1.0,1212,0,3.9590413923210934,1.845098040014257,0.0,0,5,7,1212,2001
596.0,3.0,1.0,0,0.0,952,672,0.0,1548,2,3.861175835513029,1.7403626894942439,0.0,0,7,7,952,1925
0.0,3.0,0.0,400,0.0,100,384,2.0,980,1,3.989004615698537,1.8750612633917,0.0,0,5,5,980,1967
0.0,2.0,1.0,296,1.0,230,470,2.0,1811,2,4.149680882482938,1.954242509439325,0.0,0,7,6,1073,1956
0.0,3.0,1.0,1056,3.0,0,384,0.0,1056,1,3.949390006644913,1.8388490907372552,0.0,42,4,4,1056,1966
0.0,3.0,0.0,0,0.0,1234,484,1.0,1234,0,4.0433229735745755,1.9294189257142926,0.0,30,5,8,1234,2007
672.0,3.0,1.0,0,0.0,630,440,0.0,1302,1,3.3044905277734875,1.380211241711606,304.0,0,5,5,630,1970
371.0,3.0,1.0,0,0.0,319,0,0.0,1406,3,3.8987251815894934,1.8388490907372552,0.0,144,7,6,319,1920
0.0,2.0,0.0,685,2.0,173,576,0.0,858,1,3.860457795423471,1.8388490907372552,0.0,0,5,5,858,1982
1142.0,4.0,1.0,998,0.0,177,736,2.0,2324,2,4.076421967360593,1.9294189257142926,286.0,21,5,9,1175,2005
0.0,3.0,0.0,0,0.0,105,414,0.0,910,0,3.948999454026953,1.8692317197309762,0.0,0,7,5,105,1953
813.0,4.0,2.0,674,2.0,0,442,1.0,1611,1,3.9894498176666917,1.9030899869919435,360.0,128,6,6,780,1964
876.0,3.0,0.0,0,0.0,684,400,2.0,1560,0,4.075948224644035,2.0863598306747484,0.0,38,5,6,684,2005
0.0,4.0,1.0,0,0.0,0,630,0.0,2020,1,3.9242792860618816,1.7781512503836436,320.0,0,5,5,0,1977
0.0,2.0,3.0,616,2.0,722,582,2.0,1338,0,3.69196510276736,1.6127838567197355,0.0,0,5,8,1338,2001
0.0,3.0,1.0,593,0.0,595,312,0.0,1188,1,4.417338810319397,1.8388490907372552,189.0,39,7,5,1188,1962
0.0,3.0,1.0,0,0.0,1459,527,1.0,1459,0,3.9419584165308135,1.845098040014257,100.0,39,5,7,1459,2002
954.0,3.0,2.0,1201,2.0,105,533,0.0,2260,0,4.146128035678238,1.9030899869919435,0.0,44,5,7,1306,1996
0.0,3.0,1.0,0,0.0,1413,605,1.0,1430,0,4.211787762900892,1.8260748027008264,0.0,33,5,7,1413,2001
0.0,3.0,1.0,290,5.0,706,0,0.0,996,1,4.14323345465317,1.7993405494535817,0.0,0,6,5,996,1940
0.0,3.0,1.0,787,3.0,305,504,1.0,1092,1,3.916453948549925,1.8750612633917,260.0,0,7,6,1092,1964
625.0,2.0,1.0,0,0.0,625,625,2.0,1250,0,3.6039018317316716,1.5440680443502757,0.0,54,5,7,625,2006
864.0,3.0,1.0,0,0.0,864,572,1.0,1728,0,3.9690896029549214,1.8129133566428555,0.0,56,5,7,864,2004
0.0,3.0,1.0,0,0.0,924,280,0.0,924,1,3.902546779313991,1.9444826721501687,0.0,0,6,5,924,1975
0.0,2.0,1.0,300,2.0,899,530,1.0,1199,0,3.8971870765801535,1.7403626894942439,0.0,63,5,6,1199,1993
0.0,3.0,1.0,0,0.0,948,300,0.0,948,1,3.953179601065634,1.8388490907372552,0.0,0,5,5,948,1968
0.0,3.0,1.0,338,5.0,121,429,0.0,925,1,3.9590413923210934,1.845098040014257,0.0,0,6,5,925,1965
0.0,2.0,1.0,108,1.0,350,366,0.0,835,1,4.026328938722349,1.9294189257142926,0.0,0,5,5,458,1920
886.0,4.0,1.0,0,0.0,1580,610,1.0,2466,0,4.047002130518505,2.0086001717619175,0.0,214,5,8,1580,2004
941.0,4.0,1.0,445,3.0,479,487,0.0,2157,0,4.152288344383057,1.9444826721501687,309.0,66,6,7,924,1966
0.0,3.0,1.0,840,2.0,200,572,0.0,1060,1,3.625723909525756,1.6434526764861874,0.0,110,7,5,1040,1976
0.0,2.0,2.0,1282,2.0,1351,804,1.0,2633,2,4.056904851336473,1.8388490907372552,705.0,140,5,10,2633,2001
0.0,2.0,1.0,0,0.0,993,280,0.0,1048,1,3.8048206787211623,1.7634279935629373,0.0,0,6,5,993,1922
711.0,3.0,1.0,0,0.0,953,460,1.0,1664,1,3.909609510490169,1.8388490907372552,0.0,40,5,6,953,2000
0.0,2.0,1.0,0,0.0,784,360,0.0,784,1,3.9542425094393248,1.7781512503836436,0.0,0,3,6,784,1928
0.0,3.0,1.0,641,1.0,276,473,0.0,1279,1,4.005395031886706,1.8750612633917,0.0,83,6,6,1196,1977
0.0,3.0,1.0,1059,1.0,75,284,1.0,1229,1,4.23401081758718,1.8388490907372552,0.0,0,6,4,1134,1956
0.0,2.0,1.0,540,4.0,728,244,2.0,1268,1,3.8920946026904804,1.8920946026904804,200.0,98,6,5,1268,1954
0.0,3.0,1.0,0,0.0,1428,480,2.0,1428,0,4.065915668188592,1.9777236052888478,0.0,120,5,7,1428,2007
0.0,3.0,0.0,631,1.0,410,352,0.0,1125,1,3.8573324964312685,1.8573324964312685,255.0,0,6,6,1041,1976
0.0,2.0,1.0,486,5.0,522,275,0.0,1008,1,4.057856208741888,1.8388490907372552,0.0,0,6,5,1008,1954
0.0,3.0,2.0,0,0.0,1622,860,1.0,1630,2,4.0097057883905185,1.7853298350107671,270.0,42,5,8,1622,2008
864.0,3.0,1.0,503,3.0,361,673,1.0,1728,0,3.9440382800544183,1.806179973983887,0.0,56,5,6,864,2003
0.0,3.0,1.0,250,5.0,210,322,0.0,1211,1,3.916453948549925,1.7403626894942439,0.0,63,5,5,952,1968
0.0,3.0,1.0,369,4.0,671,286,1.0,1040,1,3.8785217955012063,1.845098040014257,0.0,0,5,5,1040,1959
0.0,2.0,1.0,0,0.0,1686,511,1.0,1707,1,4.221909546588134,1.8388490907372552,653.0,64,6,8,1686,1981
0.0,3.0,1.0,0,0.0,935,462,2.0,1632,1,3.9582771255476974,1.7993405494535817,0.0,28,5,7,935,1998
0.0,3.0,1.0,1302,0.0,90,528,0.0,1392,1,4.054651350441741,1.8388490907372552,180.0,0,6,5,1392,1957
0.0,3.0,1.0,428,5.0,0,270,0.0,1319,1,4.02669665597816,1.8976270912904414,0.0,0,6,5,608,1953
742.0,3.0,1.0,0,0.0,742,390,2.0,1484,0,4.099991233544684,2.173186268412274,0.0,24,5,6,742,2005
0.0,3.0,2.0,523,0.0,448,300,0.0,971,1,3.9965116721541785,1.8388490907372552,0.0,0,6,5,971,1969
0.0,3.0,0.0,539,1.0,490,539,1.0,1062,1,4.0543448887676306,1.8388490907372552,0.0,0,5,6,1029,1976
0.0,4.0,2.0,945,0.0,0,0,0.0,980,1,3.9731278535996988,1.5440680443502757,250.0,0,5,6,945,1975
0.0,2.0,1.0,0,0.0,1405,478,1.0,1405,0,3.496376054012401,1.8388490907372552,163.0,36,5,7,1405,2003
712.0,3.0,1.0,786,2.0,173,472,2.0,1671,1,4.035509785089559,1.7634279935629373,0.0,38,5,6,959,2000
0.0,3.0,1.0,788,1.0,268,495,1.0,1074,1,4.006037954997317,1.8920946026904804,0.0,88,6,5,1056,1975
720.0,2.0,1.0,0,0.0,0,672,0.0,2320,1,4.169145200991198,1.8388490907372552,0.0,144,6,5,0,1948
0.0,2.0,1.0,0,0.0,918,264,0.0,918,1,3.8971870765801535,1.7403626894942439,0.0,0,5,6,918,1979
0.0,3.0,2.0,1157,1.0,280,528,1.0,1437,0,4.032135046879902,1.954242509439325,0.0,21,8,5,1437,1976
0.0,2.0,1.0,360,1.0,709,440,1.0,1069,1,3.6067037413336744,1.724275869600789,0.0,55,5,6,1069,1977
727.0,4.0,1.0,298,3.0,429,441,0.0,1556,1,4.068185861746161,1.8920946026904804,0.0,0,6,6,727,1968
1070.0,4.0,1.0,624,2.0,193,510,0.0,1894,0,4.053692938784954,1.9030899869919435,44.0,40,5,7,817,2002
0.0,3.0,0.0,0,0.0,1935,895,2.0,1973,0,4.153082804361832,2.041392685158225,375.0,45,5,8,1935,2006
1080.0,5.0,1.0,0,0.0,710,564,2.0,2978,0,4.052116550549998,1.9822712330395684,300.0,0,7,7,710,1967
0.0,1.0,0.0,662,2.0,186,420,1.0,848,0,3.6471872978959894,1.8388490907372552,205.0,0,5,6,848,2004
670.0,3.0,1.0,0,0.0,384,400,2.0,1474,1,3.930949031167523,1.8388490907372552,22.0,72,5,7,384,1995
0.0,3.0,1.0,480,5.0,108,260,0.0,1056,1,3.9661417327390325,1.9030899869919435,0.0,0,7,5,1056,1954
0.0,2.0,0.0,301,5.0,239,484,0.0,902,1,3.9486574321413204,1.8388490907372552,0.0,0,5,5,864,1983
0.0,3.0,0.0,605,1.0,427,564,0.0,1032,1,4.016824493667488,1.8388490907372552,233.0,0,6,6,1032,1978
0.0,2.0,1.0,0,0.0,961,338,0.0,1077,1,3.952647169758943,1.7781512503836436,0.0,0,2,5,961,1920
0.0,2.0,1.0,600,3.0,635,480,0.0,1235,1,3.929418925714293,1.9294189257142926,203.0,0,3,5,1235,1961
0.0,3.0,3.0,738,2.0,172,719,2.0,1442,0,4.015233976246709,2.0569048513364727,0.0,244,5,7,910,1990
504.0,2.0,1.0,387,1.0,96,264,0.0,987,1,3.225309281725863,1.3222192947339193,232.0,0,5,6,483,1971
0.0,2.0,2.0,975,2.0,0,504,0.0,1004,1,4.0224283711854865,1.8920946026904804,90.0,0,5,6,975,1977
0.0,3.0,1.0,288,2.0,718,0,0.0,1006,1,3.9542425094393248,1.8388490907372552,0.0,24,3,5,1006,1959
780.0,6.0,1.0,210,0.0,570,0,0.0,1716,3,3.7548832282521674,1.7403626894942439,0.0,184,6,5,780,1912
0.0,3.0,1.0,0,0.0,860,565,1.0,1720,0,4.0661394928706995,1.9493900066449128,0.0,70,5,7,860,2004
0.0,2.0,1.0,250,1.0,710,308,0.0,960,3,3.7781512503836434,1.6989700043360187,0.0,0,4,4,960,1920
0.0,3.0,1.0,1334,2.0,270,660,1.0,1604,0,3.9451730461739003,1.8325089127062364,180.0,110,5,7,1604,2006
0.0,4.0,2.0,351,1.0,1043,621,0.0,2217,0,4.200440076436431,1.9777236052888478,0.0,207,6,8,2217,1970
0.0,3.0,0.0,1110,3.0,734,540,1.0,1844,0,4.214340410319735,1.8388490907372552,312.0,73,5,6,1844,1969
772.0,3.0,1.0,0,0.0,799,380,1.0,1571,1,3.894149846767922,1.7708520116421442,0.0,40,7,6,799,1993
0.0,3.0,1.0,0,0.0,1468,577,1.0,1479,0,3.9722954286111394,1.968482948553935,125.0,25,5,7,1468,1999
167.0,3.0,2.0,1249,0.0,103,529,2.0,1786,1,5.2165881110755015,1.8388490907372552,0.0,0,6,5,1499,1965
0.0,3.0,1.0,620,3.0,0,338,1.0,1632,1,3.9822712330395684,1.9030899869919435,183.0,0,6,6,1240,1958
902.0,3.0,0.0,20,2.0,846,578,1.0,1768,0,4.032175376961363,1.8325089127062364,0.0,105,5,8,866,2007
0.0,3.0,3.0,75,5.0,230,299,2.0,1096,1,4.200576926754848,1.8388490907372552,0.0,32,5,5,1096,1969
857.0,3.0,1.0,0,0.0,791,542,2.0,2093,1,4.312685006388759,1.662757831681574,123.0,63,6,7,791,1986
688.0,3.0,1.0,512,5.0,148,453,1.0,1348,1,3.88024177589548,1.8388490907372552,266.0,108,5,6,660,1966
728.0,3.0,0.0,648,2.0,80,410,2.0,1456,0,3.913760886412323,1.7993405494535817,0.0,18,5,7,728,2005
0.0,2.0,2.0,1277,5.0,207,319,1.0,1600,1,4.212746764784071,1.6720978579357175,0.0,258,6,5,1484,1957
0.0,3.0,0.0,340,2.0,1342,544,1.0,1700,0,3.9607085516885565,1.845098040014257,120.0,23,5,6,1682,2003
785.0,3.0,1.0,0,0.0,808,389,1.0,1593,1,3.983896791326306,1.8388490907372552,0.0,40,5,6,808,1992
0.0,2.0,1.0,650,5.0,178,288,0.0,1363,1,4.163131546034948,1.8750612633917,70.0,42,7,5,1008,1951
586.0,3.0,1.0,311,1.0,544,440,0.0,1441,1,3.359645792674543,1.380211241711606,0.0,0,6,6,855,1978
0.0,2.0,2.0,1400,0.0,310,866,1.0,1710,0,4.142733511313519,2.0293837776852097,436.0,102,5,8,1710,2007
888.0,3.0,1.0,695,2.0,253,463,1.0,2110,0,3.948412965778601,1.8388490907372552,0.0,130,5,7,948,1994
754.0,3.0,1.0,533,2.0,192,475,1.0,1479,0,4.130880313793652,1.8388490907372552,289.0,44,8,6,725,1976
0.0,1.0,0.0,584,2.0,0,367,2.0,767,1,3.608312042697327,1.5314789170422551,182.0,40,5,7,723,1998
0.0,3.0,0.0,554,2.0,100,426,1.0,1496,0,4.233097687864703,1.7634279935629373,0.0,24,5,7,654,2006
0.0,1.0,0.0,1154,2.0,366,648,2.0,1567,2,3.6001012556913907,1.724275869600789,0.0,0,5,8,1520,2006
0.0,2.0,3.0,210,4.0,219,308,0.0,1148,1,3.807535028068853,1.7558748556724915,0.0,0,7,5,980,1952
850.0,3.0,3.0,0,0.0,1085,753,2.0,1970,2,4.043951418263276,1.9344984512435677,788.0,74,5,8,1085,2006
1357.0,4.0,1.0,482,2.0,971,750,1.0,2810,0,3.9810026899413997,1.8388490907372552,336.0,0,5,8,1453,1990
0.0,4.0,1.0,986,2.0,484,696,0.0,2630,0,3.963787827345555,1.9030899869919435,473.0,66,5,8,1470,1998
1169.0,5.0,1.0,443,3.0,662,480,0.0,2274,1,4.064457989226918,1.9030899869919435,361.0,0,5,5,1105,1960
0.0,3.0,1.0,662,1.0,599,433,1.0,1261,1,3.959994838328416,1.8808135922807914,0.0,0,6,6,1261,1958
0.0,3.0,1.0,637,5.0,849,480,2.0,1486,1,3.997255289820103,1.8750612633917,0.0,0,7,5,1486,1964
0.0,2.0,1.0,570,0.0,203,240,0.0,773,1,3.885191540606848,1.7558748556724915,0.0,0,5,5,773,1953
0.0,3.0,1.0,0,0.0,1319,462,1.0,1537,0,3.9242792860618816,1.9030899869919435,237.0,36,9,6,1319,1962
913.0,3.0,0.0,0,0.0,866,546,1.0,1779,0,4.017033339298781,1.9030899869919435,0.0,36,5,7,866,1998
0.0,3.0,1.0,569,1.0,381,0,0.0,1225,1,3.9694159123539814,1.8864907251724818,0.0,0,5,4,950,1959
0.0,1.0,0.0,659,2.0,189,420,2.0,848,0,3.646893624167745,1.5563025007672873,170.0,0,5,6,848,2003
596.0,3.0,1.0,0,0.0,780,198,0.0,1376,1,3.934498451243568,1.6989700043360187,0.0,0,6,6,780,1937
729.0,3.0,1.0,381,2.0,348,440,0.0,1471,1,3.509202522331103,1.5314789170422551,894.0,24,5,6,729,1999
0.0,2.0,1.0,0,0.0,440,0,0.0,869,3,3.7708520116421442,1.7075701760979363,0.0,0,7,4,440,1923
729.0,2.0,1.0,419,2.0,310,440,0.0,1458,1,3.509202522331103,1.5314789170422551,1129.0,32,5,6,729,1999
0.0,3.0,1.0,762,1.0,102,440,0.0,894,1,4.125481265700594,2.0,0.0,0,5,5,864,1974
833.0,3.0,1.0,0,0.0,832,427,2.0,1718,1,4.006080782716094,1.8692317197309762,40.0,94,5,7,832,1998
0.0,3.0,2.0,1390,1.0,0,611,2.0,1701,1,4.221335979533828,1.8388490907372552,0.0,0,5,5,1390,1975
0.0,3.0,1.0,600,5.0,264,576,0.0,864,1,4.104998949299634,1.8388490907372552,0.0,0,5,4,864,1972
761.0,3.0,1.0,0,0.0,528,512,1.0,1855,1,3.9822712330395684,1.9030899869919435,360.0,100,7,6,528,1976
0.0,3.0,1.0,1398,1.0,0,616,2.0,1651,1,4.093981703914113,1.6720978579357175,132.0,0,5,6,1606,1986
612.0,3.0,0.0,0,0.0,612,528,1.0,1224,0,3.596707029681446,1.6020599913279623,76.0,234,5,6,612,2009
0.0,3.0,1.0,308,3.0,620,288,2.0,928,1,3.7781512503836434,1.6989700043360187,0.0,0,6,5,928,1957
720.0,3.0,1.0,0,0.0,0,0,0.0,1092,3,3.7481880270062002,1.845098040014257,0.0,0,5,4,0,1930
809.0,3.0,1.0,16,4.0,712,546,0.0,1641,2,3.9822712330395684,1.7781512503836436,0.0,0,7,7,728,1925
708.0,3.0,1.0,404,1.0,304,776,1.0,1416,1,4.068185861746161,1.954242509439325,420.0,169,6,6,708,1968
846.0,3.0,0.0,546,2.0,512,736,2.0,1904,2,4.0385009430766745,1.8692317197309762,280.0,60,5,8,1058,2005
0.0,2.0,1.0,248,5.0,448,308,2.0,936,1,3.768490105171245,1.8692317197309762,0.0,0,7,5,936,1956
840.0,3.0,1.0,81,0.0,23,452,2.0,1556,1,3.290034611362518,1.380211241711606,0.0,0,6,6,716,1980
0.0,2.0,1.0,120,4.0,744,400,0.0,864,1,4.28189655024606,2.146128035678238,0.0,0,5,4,864,1951
0.0,3.0,1.0,986,2.0,668,900,0.0,1654,0,3.909823369650912,1.8388490907372552,295.0,136,5,7,1654,2002
0.0,3.0,1.0,0,0.0,816,576,0.0,1416,0,4.4037894715161885,1.8388490907372552,0.0,0,7,5,816,1918
1097.0,3.0,3.0,1163,2.0,89,856,0.0,2365,0,3.9745116927373285,1.9138138523837167,673.0,128,5,8,1252,1999
0.0,2.0,1.0,442,5.0,625,436,0.0,1067,0,3.9822712330395684,1.7781512503836436,0.0,0,7,4,1067,1950
584.0,4.0,1.0,0,0.0,0,539,0.0,1902,1,3.9508514588885464,1.8325089127062364,0.0,0,5,6,0,1978
0.0,2.0,2.0,0,0.0,1374,420,2.0,1557,0,3.5046067706419537,1.8388490907372552,18.0,20,5,7,1374,2003
644.0,4.0,1.0,0,0.0,1195,486,2.0,1839,1,4.224533062606086,1.7634279935629373,30.0,81,5,7,1195,1998
